country	iso	region	PI-Region	pi_score2012	pi_score2013	pi_score2014	pi_score2015	eco_score2012	eco_score2013	eco_score2014	eco_score2015	eo_score2012	eo_score2013	eo_score2014	eo_score2015	gov_score2012	gov_score2013	gov_score2014	gov_score2015	edu_score2012	edu_score2013	edu_score2014	edu_score2015	health_score2012	health_score2013	health_score2014	health_score2015	ss_score2012	ss_score2013	ss_score2014	ss_score2015	pf_score2012	pf_score2013	pf_score2014	pf_score2015	sk_score2012	sk_score2013	sk_score2014	sk_score2015
Afghanistan	AFG	Asia South	Asia-Pacific	-3.2249391078949	-2.92787289619446	-2.7166109085083	-2.94074153900146	-1.9312469959259	-2.38186407089233	-2.38416981697083	-2.38370084762573	-2.21677708625793	-1.59680604934692	-1.27345824241638	-1.30580830574036	-3.59785389900208	-3.5876669883728	-3.37677502632141	-3.38621401786804	-4.69602203369141	-4.30536079406738	-3.57574057579041	-4.01728439331055	-3.55770897865295	-3.12377905845642	-2.31992721557617	-2.55482053756714	-4.087327003479	-4.04986715316772	-3.38444089889526	-4.28729915618897	-3.12300395965576	-2.02965807914734	-2.02740931510925	-2.66323757171631	-2.58956909179687	-2.34797811508179	-3.39096713066101	-2.92756652832031
Albania	ALB	Eastern Europe	Europe	-0.778138518333435	-0.538914978504181	-0.506870210170746	-0.423830330371857	-0.661738812923431	-0.664328575134277	-0.924873411655426	-0.663838148117066	-0.538014709949494	-0.0112581998109818	0.109318450093269	0.481658518314362	-1.36969304084778	-1.30031502246857	-1.32240700721741	-1.27497017383575	-0.153267696499825	0.231762602925301	0.365798801183701	0.242361888289452	0.659085273742676	0.702087223529816	0.592763423919678	0.616384387016297	0.84734308719635	0.638934075832367	0.506287157535553	0.58526223897934	-2.26305603981018	-1.45756697654724	-1.33209872245789	-0.149787083268166	-2.74576592445374	-2.45063400268555	-2.04975032806396	-3.22771430015564
Algeria	DZA	MENA	MENA	-1.04611098766327	-0.876291811466217	-0.777929306030274	-0.689188718795776	0.860531091690064	0.538959324359894	1.0353946685791	1.21143126487732	-0.829128980636597	-0.632833123207092	-0.544647097587586	-0.468035280704498	-1.73101603984833	-1.59972095489502	-1.58881342411041	-1.50524568557739	-0.0777655988931656	0.0808079019188881	-0.226565331220627	-0.160406947135925	0.231219306588173	0.284567087888718	0.33569324016571	0.627914607524872	-1.4514080286026	-1.51173901557922	-1.04832851886749	-0.816429138183594	-3.61621403694153	-2.92245101928711	-2.91739845275879	-2.91739845275879	-1.75510501861572	-1.24792397022247	-1.26876962184906	-1.48534035682678
Angola	AGO	Africa Sub-Saharan	Africa Sub-Saharan	-2.44424390792847	-2.5869460105896	-2.5362114906311	-2.54675078392029	-1.69449698925018	-1.30911505222321	-0.636611640453339	-0.621578335762024	-2.19678401947021	-2.3591570854187	-2.32374000549316	-2.00519609451294	-2.0986270904541	-2.64172005653381	-2.33846020698547	-2.40495085716248	-3.47246098518372	-3.6727659702301	-3.97472739219666	-4.02040004730225	-3.68355107307434	-3.35532903671265	-3.18932628631592	-2.91840386390686	-2.80225205421448	-2.79807209968567	-2.39762449264526	-2.82751274108887	-1.46786797046661	-3.28045201301575	-2.78606557846069	-3.08308386802673	-2.13790893554687	-1.27895295619965	-2.64313578605652	-2.49288034439087
Argentina	ARG	America Latin and the Caribbean	The Americas	0.675873816013336	0.497505187988281	0.626501142978668	0.551123142242432	0.914604485034943	0.666335821151733	0.875683784484863	0.634235918521881	0.844449102878571	0.852839529514313	0.910579025745392	1.11068034172058	-0.904261410236359	-1.32465195655823	-1.45677006244659	-1.53100347518921	0.972822427749634	0.870289981365204	1.02043187618256	1.06750702857971	1.18198299407959	1.02642500400543	1.1423773765564	1.19663524627686	0.72482442855835	0.415380388498306	0.808445572853088	0.347135037183762	1.99037504196167	1.41250801086426	1.60533034801483	1.60569787025452	-0.317808002233505	0.0609154999256134	0.105931341648102	-0.0219028294086456
Armenia	ARM	Asia Western	Europe	-1.01987397670746	-0.796733915805817	-0.764002621173859	-0.646940886974335	-1.92999804019928	-1.33735704421997	-1.90526223182678	-1.32721638679504	-0.26765850186348	0.140961095690727	0.562079310417175	0.597343981266022	-1.43937194347382	-1.27754294872284	-1.28449821472168	-1.30511057376862	0.869767189025879	1.03960800170898	0.810841202735901	0.777153432369232	-0.91806572675705	-0.268069714307785	-0.186991840600967	-0.0734401941299439	-0.0297742001712322	-0.172832205891609	0.144650265574455	0.0598438680171967	-1.93580400943756	-1.78832805156708	-1.91204166412354	-1.60360491275787	-2.5080840587616	-2.7103099822998	-2.34079766273499	-2.30049610137939
Australia	AUS	Asia Pacific	Asia-Pacific	3.1556921005249	3.08703207969666	3.11136603355408	3.08829927444458	2.64970111846924	2.64189004898071	2.68962287902832	2.61755514144897	3.58486294746399	3.58588409423828	3.46875166893005	3.57283973693848	3.65488195419312	3.57628297805786	3.49221086502075	3.49031376838684	2.65130996704102	2.6865930557251	2.71365094184875	2.70020008087158	2.31031703948975	2.38205099105835	2.59722280502319	2.55486917495728	2.46082901954651	2.52013492584229	2.80386590957642	2.69048690795898	3.81797289848328	3.72034597396851	3.69663166999817	3.52026915550232	4.11565923690796	3.58307695388794	3.42897129058838	3.55986070632935
Austria	AUT	Europe	Europe	2.55970907211304	2.61317205429077	2.62912058830261	2.61309385299683	2.55560088157654	2.39198899269104	2.38256645202637	2.28101062774658	3.13730907440186	3.24221110343933	3.29292154312134	3.83180332183838	3.22956991195679	2.98314094543457	3.09208822250366	3.10077667236328	1.71209096908569	1.94745898246765	1.67032110691071	1.68650937080383	2.72581100463867	2.81702709197998	2.97742295265198	2.90530776977539	2.70075297355652	2.8813009262085	2.83182096481323	2.65422701835632	2.5016028881073	2.52310109138489	2.55691385269165	2.73306512832642	1.91493594646454	2.11914396286011	2.22890901565552	1.71205115318298
Azerbaijan	AZE	Asia Western	Europe	-0.822812020778656	-0.510199785232544	-0.436102747917175	-0.10357840359211	-0.470941692590714	0.7396399974823	0.568101644515991	1.1793292760849	0.0816413015127182	0.267308086156845	0.564503848552704	0.558174967765808	-1.96775197982788	-1.72648501396179	-1.62463140487671	-1.31572914123535	-0.438241213560104	-0.0975876972079277	-0.227113172411919	-0.163750916719437	-0.293343603610992	-0.520576179027557	-0.326284915208817	0.536980032920837	-0.74375981092453	-0.61404812335968	-0.551352202892303	-0.334729105234146	-1.70993995666504	-1.49089300632477	-1.18098175525665	-0.625937700271607	-1.04015898704529	-0.638956606388092	-0.711064040660858	-0.662964642047882
Bangladesh	BGD	Asia South	Asia-Pacific	-1.18624794483185	-1.20490694046021	-1.06663203239441	-1.00947189331055	-0.0650056004524231	-0.143207997083664	0.202891677618027	0.288311094045639	-1.33962297439575	-1.23347401618958	-1.09237313270569	-0.870904326438904	-1.45955097675324	-1.26054394245148	-1.31635069847107	-1.42727470397949	-1.54057502746582	-1.37628304958344	-1.06273686885834	-1.15886044502258	-1.34036195278168	-0.897086083889008	-0.846433341503143	-0.773952066898346	-1.98297798633575	-1.61116898059845	-1.57940483093262	-1.72633910179138	1.37290501594543	0.0614405982196331	0.678218245506287	0.781239151954651	-3.13478994369507	-3.17893195152283	-3.51686763763428	-3.18799495697021
Belarus	BLR	Eastern Europe	Europe	0.0933694019913673	0.0225249994546175	0.255399823188782	0.0765172839164734	-0.54395592212677	-1.30654501914978	-0.298504620790482	-0.113872855901718	0.328029692173004	0.437818109989166	0.960753381252289	1.18973755836487	-2.32271099090576	-2.27248191833496	-2.03021430969238	-2.15576910972595	1.76465797424316	1.81047403812408	1.64797031879425	1.42662668228149	1.21944904327393	1.25542402267456	1.31098413467407	1.47500872612	0.267650187015533	0.515072524547577	0.435580790042877	0.111494787037373	-1.01489102840424	-1.21787202358246	-1.26059436798096	-2.05155754089355	1.04872596263886	0.958310782909393	1.27722334861755	0.73047000169754
Belgium	BEL	Europe	Europe	2.28481101989746	2.29284811019897	2.3715603351593	2.40903425216675	2.0818920135498	1.97019898891449	2.10140562057495	2.25187206268311	2.62662792205811	2.63905000686645	2.75373792648315	2.86418104171753	2.56515407562256	2.69006609916687	2.81616353988647	2.74394226074219	1.89195096492767	2.03255105018616	1.78582620620728	1.79554224014282	2.85865592956543	2.75004005432129	2.86726641654968	2.88895797729492	2.17861795425415	2.41921591758728	2.44266939163208	2.48723149299622	2.57320690155029	2.59872508049011	2.92519950866699	2.5984091758728	1.5023820400238	1.24293494224548	1.28021430969238	1.64213764667511
Belize	BLZ	America Latin and the Caribbean	The Americas	-0.145343095064163	-0.100075900554657	0.0793685615062714	0.0058497479185462	0.239569097757339	0.323539197444916	0.694695949554443	-0.0532743334770203	-0.0669993013143539	0.178869396448135	0.0490754842758179	0.213898181915283	-0.852592885494232	-0.843994975090027	-0.706341207027435	-0.54297000169754	-1.00741803646088	-0.988347291946411	0.0142173171043396	0.17476923763752	0.569382429122925	0.507947325706482	0.510750591754913	0.519469976425171	-0.39306628704071	-0.328325599431992	-0.281766802072525	-0.0695676431059837	0.232819899916649	0.233462005853653	0.226148992776871	1.02013170719147	0.11555989831686	0.116243101656437	0.128168165683746	-1.21565914154053
Benin	BEN	Africa Sub-Saharan	Africa Sub-Saharan	-1.77747797966003	-1.60748195648193	-1.23511278629303	-1.33483374118805	-1.49532103538513	-2.17740988731384	-0.876692950725555	-0.702042579650879	-2.58489298820496	-2.56281089782715	-2.38627219200134	-1.76771128177643	-0.836664080619812	-0.955251693725586	-1.00195717811584	-0.953522086143494	-3.25175905227661	-2.8032660484314	-2.60401773452759	-2.65884923934937	-2.55513000488281	-2.16263699531555	-1.92115497589111	-2.23954367637634	-0.14485040307045	0.350811302661896	0.439340740442276	0.0575148165225983	1.37749099731445	1.64309799671173	1.83559882640839	1.8453631401062	-4.7286958694458	-4.19238901138306	-3.36574721336365	-4.25987911224365
Bolivia	BOL	America Latin and the Caribbean	The Americas	-0.826119601726532	-0.603241682052612	-0.630133748054504	-0.434036463499069	1.09160900115967	1.04780697822571	0.994780004024506	1.03710126876831	-1.20399594306946	-0.839252412319183	-0.771124184131622	-0.529406666755676	-1.61995494365692	-1.45231103897095	-1.45664119720459	-1.42571485042572	-0.026196600869298	-0.313237398862839	-0.674422025680542	-0.749580442905426	-1.90545701980591	-1.72691905498505	-1.45985579490662	-0.977767169475555	-1.36579394340515	-1.17222797870636	-1.03508925437927	-0.746656358242035	-0.0500029996037483	1.17208898067474	0.702287435531616	0.979477286338806	-1.52916502952576	-1.54188203811646	-1.34100484848022	-1.05974471569061
Bosnia and Herzegovina	BIH	Eastern Europe	Europe	-1.04584801197052	-0.866241872310638	-0.689174175262451	-0.500714957714081	-1.25039005279541	-1.38006496429443	-0.823846518993378	-0.858520984649658	-0.874603807926178	-0.473320513963699	-0.515548825263977	-0.284871071577072	-1.8308310508728	-1.79535400867462	-1.72318434715271	-1.69816768169403	0.0361096002161503	-0.0434389002621174	-0.00131897628307343	0.294970273971558	0.681772410869599	0.578632712364197	0.749586641788483	0.783917427062988	-0.327253490686417	-0.00270759989507496	0.126977115869522	-0.0340083427727222	-2.66981410980225	-2.3011589050293	-1.89523410797119	-1.2797486782074	-2.13176989555359	-1.51252198219299	-1.43082427978516	-0.929290592670441
Botswana	BWA	Africa Sub-Saharan	Africa Sub-Saharan	-0.256781697273254	-0.338187098503113	-0.367348074913025	-0.242239251732826	-1.02481997013092	-0.621161878108978	-0.509476065635681	-0.888812780380249	0.0657737031579018	0.313341587781906	0.433652669191361	0.366747289896011	1.15074300765991	1.33836102485657	1.21481788158417	1.25933432579041	-0.743633091449737	-0.754336774349213	-0.915601968765259	-0.821095943450928	-1.79115903377533	-1.77226495742798	-2.04091644287109	-1.90883708000183	-0.0962527990341187	-0.251727700233459	-0.834940731525421	-0.3426593542099	1.49643802642822	0.796144723892212	0.913403391838074	1.27909970283508	-1.11134302616119	-1.75385200977325	-1.19972324371338	-0.88169014453888
Brazil	BRA	America Latin and the Caribbean	The Americas	0.488000601530075	0.44330158829689	0.363773643970489	0.300742983818054	1.58851897716522	1.50532901287079	1.46488690376282	1.4083309173584	0.946654796600342	1.09123194217682	1.11294150352478	1.20075106620789	-0.0810208022594452	-0.304744005203247	-0.49228897690773	-0.480669528245926	-0.100727900862694	-0.034672599285841	-0.438996970653534	-0.212350100278854	0.649504780769348	0.513476729393005	0.565993130207062	0.859933972358704	-1.00766396522522	-0.718227386474609	-0.905529022216797	-0.913661360740662	2.032555103302	1.88392698764801	1.79789221286774	1.02656531333923	-0.123815901577473	-0.389906704425812	-0.194709569215775	-0.482956469058991
Bulgaria	BGR	Eastern Europe	Europe	0.25413379073143	0.321413397789001	0.373104006052017	0.363895535469055	-0.556218922138214	-0.48192709684372	-0.0509087145328522	0.152004301548004	1.27596294879913	1.51344704627991	1.54011583328247	1.66735315322876	-0.797483384609222	-0.78933322429657	-0.877934098243713	-0.990305066108704	0.722575724124909	0.822590172290802	0.814226746559143	0.835744917392731	0.849458575248718	0.975303888320923	0.957937002182007	1.04794001579285	1.11570298671722	1.16817402839661	1.64306247234344	1.10102200508118	0.36393991112709	0.261418491601944	-0.0166061446070671	-0.654336452484131	-0.940866887569428	-0.898365676403046	-1.02506113052368	-0.24825856089592
Burkina Faso	BFA	Africa Sub-Saharan	Africa Sub-Saharan	-1.55744600296021	-1.58419394493103	-1.06569814682007	-1.18206119537354	-0.722849190235138	-1.10067105293274	0.621841967105866	0.931450366973877	-2.76784610748291	-2.27095293998718	-1.90789842605591	-2.18019270896912	-1.29186201095581	-1.10920703411102	-1.11194205284119	-1.22899222373962	-4.53592777252197	-3.89205288887024	-3.7392258644104	-3.48232269287109	-2.07581090927124	-3.02431201934814	-2.45785665512085	-2.1224513053894	-0.427182912826538	-0.715649127960205	-0.663753211498261	-1.18668246269226	0.452648103237152	0.797013521194458	1.72929501533508	1.08606958389282	-1.0907369852066	-1.35772001743317	-0.996046185493469	-1.27336847782135
Burundi	BDI	Africa Sub-Saharan	Africa Sub-Saharan	-2.95365595817566	-2.9008309841156	-2.78167867660522	-2.67389822006226	-2.7398190498352	-2.95464706420898	-2.62891101837158	-2.30791854858398	-3.36002707481384	-2.75981688499451	-2.67582988739014	-2.3655321598053	-2.13610911369324	-1.90398895740509	-1.96777105331421	-1.90088939666748	-3.32871794700623	-3.18890905380249	-3.13722038269043	-3.13288497924805	-3.82090592384338	-4.20762205123901	-3.62767219543457	-3.50819134712219	-2.25048208236694	-2.19827198982239	-2.23225736618042	-2.94227957725525	-1.82441401481628	-1.82425796985626	-1.81201148033142	-2.26549768447876	-4.16877317428589	-4.16912984848022	-4.17175674438477	-2.96799302101135
Cambodia	KHM	Asia Southeast	Asia-Pacific	-1.40668499469757	-1.5249730348587	-1.43405795097351	-1.37540292739868	-0.366070091724396	-0.14729930460453	0.0817822813987732	0.0931948125362396	-1.62085998058319	-1.20329296588898	-1.39417660236359	-1.17095232009888	-1.06070196628571	-0.950302183628082	-0.848352789878845	-0.923449516296387	-1.77097904682159	-1.73846900463104	-1.92334175109863	-1.9761403799057	-2.23410892486572	-1.9184490442276	-1.58157765865326	-1.49565243721008	-0.872178018093109	-1.02302694320679	-1.09613847732544	-1.37109303474426	-1.59713995456696	-1.79641795158386	-1.63272333145142	-1.67881226539612	-1.73144698143005	-3.422523021698	-3.07793569564819	-2.48031806945801
Cameroon	CMR	Africa Sub-Saharan	Africa Sub-Saharan	-1.66843605041504	-1.72409498691559	-1.56123435497284	-1.55705642700195	-0.133843302726746	-0.464194685220718	-0.0609910488128662	0.0350385010242462	-1.96861803531647	-1.6905779838562	-1.72518837451935	-1.56094789505005	-2.37545299530029	-2.44655990600586	-2.35753345489502	-2.26894402503967	-2.55089807510376	-2.26885795593262	-2.39839196205139	-2.49457597732544	-2.86992502212524	-2.93496298789978	-2.26867198944092	-1.83530652523041	-1.83025300502777	-1.41806197166443	-1.90185499191284	-2.19276809692383	0.341437101364136	-0.708895027637482	-0.272607445716858	-0.578625679016113	-1.95993399620056	-1.86064696311951	-1.50463533401489	-1.56032168865204
Canada	CAN	America North	The Americas	3.10550808906555	3.21622610092163	3.19514036178589	3.1869695186615	2.76060700416565	2.88868093490601	3.1590313911438	2.78065872192383	3.3190929889679	3.27366900444031	3.24878883361816	3.44568347930908	3.68628811836243	3.56504893302917	3.55649900436401	3.64624500274658	2.64808988571167	2.63169407844543	2.59792470932007	2.63336181640625	2.34602093696594	2.72308492660522	2.69612836837769	2.75336670875549	2.97789096832275	3.22154498100281	3.12745237350464	3.04651832580566	3.92594790458679	3.91968011856079	3.64635491371155	3.90449595451355	3.18012309074402	3.50640392303467	3.52894353866577	3.28542542457581
Central African Republic	CAF	Africa Sub-Saharan	Africa Sub-Saharan	-3.27189207077026	-3.17574596405029	-3.25705981254578	-3.55355548858643	-2.17360901832581	-1.78324401378632	-1.7130640745163	-1.86593401432037	-3.75761699676514	-3.79380488395691	-3.76662540435791	-3.93934774398804	-2.4697949886322	-2.18733310699463	-2.35145592689514	-2.72536659240723	-5.73522901535034	-5.42004108428955	-5.35384702682495	-5.35384702682495	-4.62420892715454	-4.45864486694336	-4.44106149673462	-5.26696586608887	-2.98576188087463	-3.26396703720093	-3.29686641693115	-4.14342594146729	-1.17061102390289	0.0231810994446278	-0.646941900253296	-0.646941900253296	-3.25829911231995	-4.52211809158325	-4.4866156578064	-4.4866156578064
Chad	TCD	Africa Sub-Saharan	Africa Sub-Saharan	-3.17691588401794	-3.19386196136475	-3.16227674484253	-2.77195620536804	-1.23502504825592	-0.975641310214997	-1.27598702907562	0.355470567941666	-3.25206899642944	-3.1573851108551	-2.98513889312744	-3.1501727104187	-3.23315691947937	-3.26129198074341	-3.39132809638977	-3.24931979179382	-4.71052217483521	-4.77354621887207	-5.61593246459961	-5.02700853347778	-4.74509716033936	-5.20220613479614	-4.22589445114136	-4.22603130340576	-5.18085908889771	-4.05534601211548	-3.63625717163086	-3.63606739044189	-2.24354290962219	-1.95442795753479	-2.36519193649292	-1.3456050157547	-0.815055370330811	-2.17105388641357	-1.80248355865479	-1.89691495895386
Chile	CHL	America Latin and the Caribbean	The Americas	1.12420701980591	1.131471991539	1.1493399143219	1.2456362247467	1.7866690158844	1.61935496330261	1.78163647651672	1.45564413070679	1.43634903430939	1.63861799240112	2.00839591026306	2.2094259262085	1.90635502338409	1.71326804161072	1.69318532943726	1.72794079780579	0.49368679523468	0.537154793739319	0.356533139944077	0.337522685527802	0.895562827587128	0.905359923839569	0.956586718559265	1.0431033372879	1.23936200141907	1.33167195320129	1.29530262947083	1.25504803657532	1.50988805294037	1.68196702003479	1.44754862785339	2.00688505172729	-0.274214386940002	-0.37561708688736	-0.344469636678696	-0.0704798102378845
China	CHN	Asia East	Asia-Pacific	0.0767956003546715	0.290315598249435	0.24655444920063	0.355895519256592	2.59388494491577	2.78349208831787	3.00538635253906	3.25000381469727	0.17557330429554	0.476531803607941	0.642354607582092	1.04084610939026	-0.490118712186813	-0.450139313936234	-0.571107685565949	-0.599172115325928	0.731730818748474	0.758210718631744	0.383782684803009	0.386856913566589	0.479648500680923	0.44675999879837	0.524308800697327	0.800283193588257	-1.34888100624084	-1.13106095790863	-1.37689602375031	-1.43283081054688	-2.34613990783691	-1.51406502723694	-1.64098834991455	-1.64098834991455	0.818666696548462	0.952794790267944	1.00559520721436	1.04216551780701
Colombia	COL	America Latin and the Caribbean	The Americas	-0.244948506355286	-0.136646002531052	-0.0616553984582424	-0.0496253073215485	0.99940150976181	1.00019299983978	1.40330338478088	1.44829535484314	0.440352410078049	0.654661118984222	0.818370461463928	0.959587872028351	-0.16057200729847	-0.333932101726532	-0.555810809135437	-0.587632358074188	-0.131687700748444	-0.111625403165817	-0.271659284830093	-0.158183515071869	0.144388496875763	0.011757000349462	0.353157579898834	0.369421541690826	-3.48875999450684	-2.91005301475525	-2.63487005233765	-2.93769979476929	0.32053479552269	0.469476312398911	0.611514985561371	0.629485964775086	-0.0832459032535553	0.126355096697807	-0.21724945306778	-0.120277523994446
Congo. Dem. Rep.	COD	Africa Sub-Saharan	Africa Sub-Saharan	-3.24587202072144	-2.97727990150452	-2.80062174797058	-2.65928363800049	-2.58684206008911	-1.41875302791595	-1.17910027503967	-0.900282859802246	-4.06922721862793	-3.52649211883545	-3.10770225524902	-2.27287483215332	-3.49053192138672	-3.23631501197815	-3.62353277206421	-3.21292114257812	-3.98241305351257	-3.93072700500488	-4.01086807250977	-4.00365447998047	-4.76572179794312	-4.28298187255859	-3.71339106559753	-3.50478506088257	-4.70720720291138	-4.29438304901123	-4.88673543930054	-5.30404758453369	-1.37197399139404	-2.35391902923584	-1.98004543781281	-1.92029070854187	-0.993057310581207	-0.774667978286743	0.0964012742042542	-0.155411928892136
Congo. Rep.	COG	Africa Sub-Saharan	Africa Sub-Saharan	-1.85234498977661	-1.74289202690125	-1.90767455101013	-1.99789762496948	-0.246033504605293	0.637459814548492	0.555040657520294	-0.00467619299888611	-2.24014496803284	-1.86152195930481	-2.21652817726135	-2.13470816612244	-2.69630599021912	-2.60698294639587	-2.56856250762939	-2.61365604400635	-2.36802101135254	-1.84338796138763	-2.10737681388855	-2.42983484268188	-2.29128289222717	-3.05923509597778	-3.06780338287354	-3.06966876983643	-1.49747800827026	-1.40814304351807	-1.90235841274261	-2.08978080749512	-0.1521085947752	-0.404213100671768	-0.918900966644287	-0.985816717147827	-3.32738089561462	-3.39711093902588	-3.03490710258484	-2.65503907203674
Costa Rica	CRI	America Latin and the Caribbean	The Americas	1.00119996070862	1.2196079492569	1.12410187721252	1.23102927207947	1.0324170589447	1.11876404285431	1.12192106246948	1.32967972755432	1.23895597457886	1.40082001686096	1.42203414440155	1.47861552238464	1.06214904785156	1.14072299003601	1.20575952529907	1.27447879314423	0.330926209688187	0.759855926036835	0.594236969947815	0.660628080368042	0.929940819740295	0.972913682460785	0.99367094039917	1.17292094230652	0.841241121292114	0.843325972557068	0.692923784255982	0.48879885673523	2.72016406059265	3.12134909629822	2.75957226753235	3.02980661392212	-0.146197095513344	0.399113208055496	0.202696263790131	0.413305997848511
Cote d'Ivoire	CIV	Africa Sub-Saharan	Africa Sub-Saharan	-2.31934499740601	-2.37126088142395	-1.89699184894562	-1.67484068870544	-0.564763128757477	-0.218922406435013	-0.101909294724464	0.0420644879341126	-2.54213905334473	-2.39896202087402	-1.50033259391785	-0.847335994243622	-3.15395498275757	-2.94016289710999	-2.53444671630859	-2.35568928718567	-4.16055011749268	-4.39548301696777	-3.53421783447266	-3.94087672233582	-2.73258805274963	-3.53076100349426	-2.82130193710327	-2.52931308746338	-2.58123993873596	-3.00158405303955	-2.71912813186645	-2.13230752944946	0.614291071891785	0.950016379356384	0.642759680747986	1.14236283302307	-3.43381309509277	-3.43422698974609	-2.60735821723938	-2.77763032913208
Croatia	HRV	Eastern Europe	Europe	0.221854597330093	0.21886819601059	0.351491838693619	0.330836743116379	0.389260292053223	-0.202834397554398	0.243909552693367	0.777238368988037	0.932331502437592	1.06505405902863	1.02272713184357	1.29212069511414	0.0469783991575241	0.100177198648453	0.0796239078044891	0.0774113237857819	0.563469111919403	0.767452716827393	1.19012379646301	1.02024078369141	1.36167800426483	1.45795702934265	1.35801148414612	1.44239521026611	1.25393199920654	1.32560205459595	1.43579792976379	1.15194892883301	-0.927827417850494	-0.725366175174713	-0.386668533086777	-0.993770897388458	-1.84498500823975	-2.03709697723389	-2.1315906047821	-2.12089037895203
Cyprus	CYP	Europe	Europe	1.33451294898987	1.02642500400543	0.858549535274506	0.878705024719238	1.2968989610672	0.7319375872612	0.577438592910767	0.0205986499786377	2.21470999717712	2.19757604598999	1.86879563331604	1.83726119995117	2.17491388320923	1.93012595176697	1.67376828193665	1.52500987052917	1.67512202262878	1.4697790145874	1.21732950210571	1.15297996997833	1.55888605117798	1.61486995220184	1.60279786586761	1.59195828437805	0.555475771427155	0.508295476436615	0.363183438777924	0.84580147266388	1.20813703536987	0.628690719604492	0.589604258537293	0.922801971435547	-0.00804019998759031	-0.869872093200684	-1.02452111244202	-0.866771459579468
Czech Republic	CZE	Eastern Europe	Europe	1.46080505847931	1.36315202713013	1.40145468711853	1.60356414318085	1.68356394767761	1.15217900276184	1.59767389297485	2.19732451438904	2.17143392562866	2.26517701148987	2.42762804031372	2.51572728157043	1.09000301361084	0.974666476249695	1.02196049690247	1.14269733428955	1.75938904285431	1.66203200817108	1.71466970443726	2.00052118301392	1.860720038414	1.85699105262756	1.9095276594162	1.93773376941681	2.09515905380249	2.19406199455261	2.40718102455139	2.32080602645874	0.684969127178192	0.49947589635849	0.13041940331459	0.955967903137207	0.341203302145004	0.300631195306778	0.00257739797234535	-0.242264941334724
Denmark	DNK	Europe	Europe	3.17519998550415	3.11421394348145	3.2358832359314	3.27198886871338	2.12818694114685	2.03788089752197	2.42790961265564	2.71946167945862	4.14110994338989	4.01609802246094	4.08102703094482	4.10575103759766	3.8710310459137	4.01227188110352	3.81521773338318	3.79260206222534	1.91222405433655	1.92724394798279	2.4501051902771	2.43510770797729	2.33390402793884	2.49360489845276	2.6312255859375	2.53098964691162	3.07246589660645	3.21835494041443	3.1887903213501	3.23289847373962	3.6296648979187	3.42144203186035	3.23179006576538	3.53475999832153	4.31301116943359	3.78681206703186	4.06100130081177	3.82434129714966
Djibouti	DJI	Africa Sub-Saharan	Africa Sub-Saharan	-1.89807295799255	-1.88201200962067	-1.77031707763672	-1.75026440620422	-1.96537899971008	-2.08709502220154	-1.53317892551422	-1.57312202453613	-2.63316798210144	-2.60563802719116	-2.42602801322937	-2.41814374923706	-1.4281439781189	-1.32633996009827	-1.35308277606964	-1.40022575855255	-4.27177000045776	-3.90998506546021	-3.82967567443848	-3.71348881721497	-2.5995979309082	-2.37365198135376	-2.23847198486328	-2.02753591537476	-0.194215103983879	-0.661247789859772	-0.658079266548157	-0.745578765869141	-1.17780303955078	-1.17770302295685	-1.17528367042542	-1.17528367042542	-0.914504528045654	-0.914431691169739	-0.948736190795898	-0.948736190795898
Dominican Republic	DOM	America Latin and the Caribbean	The Americas	-0.652999401092529	-0.317098289728165	-0.338297426700592	-0.197249218821526	-0.755405604839325	-0.124365001916885	-0.0122367888689041	0.373704880475998	-0.245893701910973	0.131974995136261	0.0947382897138596	0.283742785453796	-1.24639797210693	-1.28100097179413	-1.14240169525146	-1.03788805007935	-0.806690573692322	-0.70483672618866	-0.532654881477356	-0.127798765897751	-0.721479415893555	-0.41849610209465	-0.450556099414825	-0.367883861064911	-1.40911197662354	-1.23877501487732	-1.16573882102966	-1.18201065063477	0.470134794712067	1.10825002193451	0.506502151489258	0.384765177965164	-0.509150385856628	-0.00953839998692274	-0.00403159856796265	0.0953747630119324
Ecuador	ECU	America Latin and the Caribbean	The Americas	-0.488359212875366	-0.417872190475464	-0.350477933883667	-0.123681902885437	0.702525973320007	0.744840085506439	1.08882582187653	1.30380320549011	-0.400430709123611	0.0446943007409573	0.14030259847641	0.38498330116272	-1.84116995334625	-1.56108605861664	-1.4895715713501	-1.2414778470993	0.218268305063248	0.300100296735764	-0.0102369943633676	0.325339257717133	0.174356892704964	-0.0286676995456219	0.0611115097999573	0.337806046009064	-1.21391701698303	-1.44381403923035	-1.39339184761047	-1.12223720550537	0.515439987182617	0.635078012943268	1.09049808979034	0.896409630775452	-2.06194806098938	-2.03412199020386	-2.29136109352112	-1.8740816116333
Egypt. Arab Rep.	EGY	MENA	MENA	-1.32813000679016	-1.40547299385071	-1.56537771224976	-1.36552500724792	-0.836978495121002	-0.75823038816452	-1.11396849155426	-0.425236225128174	-0.321863204240799	-0.317946702241898	-0.261077523231506	-0.0599393919110298	-1.18545699119568	-1.60058903694153	-2.06586003303528	-1.9259797334671	-0.933823585510254	-1.15249502658844	-1.23737466335297	-1.06089639663696	0.223210394382477	0.185118198394775	-0.172870516777039	0.136732280254364	-1.73855996131897	-1.86902594566345	-1.84157657623291	-1.61043834686279	-4.21666097640991	-4.81050109863281	-4.22395133972168	-3.90852308273315	-1.61490297317505	-0.920116722583771	-1.6063426733017	-2.06991958618164
El Salvador	SLV	America Latin and the Caribbean	The Americas	-0.758261978626251	-0.573720574378967	-0.489149510860443	-0.601037740707398	-0.0824671983718872	0.190409794449806	0.447575896978378	0.207260653376579	-0.586336672306061	-0.348397493362427	-0.249226719141006	-0.151081383228302	-0.735628724098205	-0.844625413417816	-0.882153868675232	-0.857296466827393	-1.09689903259277	-0.994178712368012	-1.34141278266907	-1.39774870872498	0.103105202317238	-0.0758975967764854	0.0149827897548676	-0.0245346128940582	-1.13625705242157	-0.742404282093048	-0.577000141143799	-1.1945481300354	-0.335317701101303	-0.387444406747818	-0.298288524150848	0.0646459460258484	-2.19629502296448	-1.38722598552704	-1.02767276763916	-1.45499932765961
Estonia	EST	Eastern Europe	Europe	1.12204098701477	1.08219003677368	1.15043270587921	1.42963588237762	0.382612586021423	0.334492385387421	0.778545618057251	1.73603868484497	2.12868905067444	2.24447393417358	2.38712906837463	2.61733317375183	1.86860203742981	1.64198899269104	1.58844196796417	1.79366660118103	1.4492609500885	1.3961900472641	1.10096502304077	1.0870441198349	1.22733998298645	1.21634697914124	1.28755497932434	1.35447704792023	1.21079802513123	1.4010009765625	1.56306862831116	1.49638223648071	-0.104974202811718	-0.0459351018071175	-0.0021064281463623	0.452179193496704	0.813999712467194	0.468960285186768	0.499862819910049	0.899965643882751
Ethiopia	ETH	Africa Sub-Saharan	Africa Sub-Saharan	-2.70065402984619	-2.20437908172607	-2.16411542892456	-1.99466371536255	-1.82905304431915	-1.51643705368042	-0.502126097679138	-0.194940775632858	-2.65850305557251	-2.71465396881104	-2.43042349815369	-2.45354533195496	-2.13572907447815	-1.99891400337219	-1.54950523376465	-1.45641136169434	-4.06249189376831	-3.15924096107483	-3.83940100669861	-3.95230388641357	-2.82633805274963	-3.20076394081116	-2.56832242012024	-2.2489230632782	-3.2057409286499	-2.71926093101501	-2.96261405944824	-2.6245265007019	-3.67190408706665	-0.0102436998859048	-1.0385627746582	-0.92106556892395	-1.21546900272369	-2.31551790237427	-2.42196822166443	-2.10559320449829
Finland	FIN	Europe	Europe	3.07647395133972	2.97310590744019	3.01551938056946	3.0131664276123	2.40437507629395	1.76798903942108	2.01605606079102	1.78010082244873	3.93815803527832	3.96330809593201	3.85688066482544	3.83025979995728	3.69724893569946	3.68400001525879	3.64030623435974	3.72407388687134	2.43214201927185	2.45766401290894	2.27492475509644	2.23000144958496	2.53050303459167	2.47486901283264	2.52706480026245	2.56502962112427	3.44147396087646	3.42168188095093	3.62817049026489	3.61308169364929	2.57950401306152	2.79019594192505	2.72766494750977	2.84349489212036	3.58838605880737	3.22513604164124	3.4530873298645	3.51928973197937
France	FRA	Europe	Europe	2.10066795349121	2.0547308921814	2.0657422542572	2.05932211875916	2.0248589515686	2.04678511619568	2.21582746505737	2.1106653213501	2.71017909049988	2.75549793243408	2.82677841186523	3.12945747375488	2.42436003684998	2.35950398445129	2.35594487190247	2.26705932617187	1.83138203620911	1.90939295291901	1.69976651668549	1.62365555763245	2.83013606071472	2.81927108764648	2.91507148742676	2.93733501434326	1.56613898277283	1.82621002197266	1.84161329269409	1.72770881652832	2.85076498985291	2.30749702453613	2.66306900978088	2.5347592830658	0.567525506019592	0.413690388202667	0.00786644220352173	0.143936172127724
Georgia	GEO	Asia Western	Europe	-0.817533075809479	-0.545721113681793	-0.44001042842865	-0.352746695280075	-2.11150503158569	-0.679459929466248	-0.286759048700333	-0.892624974250793	-0.124214597046375	0.244572803378105	0.458650052547455	0.554681479930878	0.0243094004690647	0.481888502836227	0.591764032840729	0.437237143516541	0.346660286188126	0.331209897994995	-0.145119607448578	0.334609061479568	0.0964640006422997	-0.544290602207184	-0.567584872245789	0.20065051317215	0.0370939001441002	-0.00163960002828389	-0.10404708981514	0.055316511541605	-0.217189699411392	-0.0839195027947426	0.368103235960007	0.123838230967522	-4.59188318252564	-4.1141300201416	-3.83509016036987	-3.63568162918091
Germany	DEU	Europe	Europe	2.60145711898804	2.64563298225403	2.65874457359314	2.76097464561462	2.77665901184082	2.71475005149841	2.90071630477905	3.1163318157196	3.12978410720825	3.20006990432739	3.34118127822876	3.3670539855957	2.59102988243103	2.63386511802673	2.76490545272827	2.82025074958801	1.97703301906586	2.12205600738525	2.09466242790222	2.0611264705658	2.99523997306824	3.18358397483826	3.11976289749145	3.25227689743042	2.22762393951416	2.41100406646729	2.37854337692261	2.41825079917908	3.24281191825867	3.11197090148926	2.84579539299011	2.85955691337585	1.87147200107574	1.78776299953461	1.82439017295837	2.19295024871826
Ghana	GHA	Africa Sub-Saharan	Africa Sub-Saharan	-0.741765677928925	-1.06199097633362	-0.87031900882721	-0.949863314628601	-1.18895304203033	-1.56354796886444	-0.922364234924316	-1.48359608650208	-1.20222902297974	-1.01237297058105	-0.755380868911743	-0.742051362991333	-0.0807776004076004	-0.36454451084137	-0.457106709480286	-0.554466903209686	-1.71741700172424	-1.92446994781494	-1.9592878818512	-1.74732959270477	-1.13871097564697	-1.23936998844147	-1.35593771934509	-1.27107977867126	-0.246364206075668	-0.227071896195412	0.0226957201957703	-0.0134983062744141	0.842298984527588	-0.2625932097435	0.23545178771019	0.209884002804756	-1.20197200775146	-1.90195798873901	-1.77062225341797	-1.99676871299744
Greece	GRC	Europe	Europe	0.244466498494148	0.0833889991044998	0.0760094746947289	0.516596794128418	-0.389697402715683	-0.21652640402317	-0.535175383090973	-0.532065629959107	0.905512928962708	1.09444797039032	1.3045951128006	1.59956026077271	0.107960902154446	0.0848840996623039	-0.0293787717819214	0.234186917543411	1.28816604614258	1.42469596862793	1.37077856063843	1.41769850254059	2.03361701965332	2.02883005142212	1.71037101745605	1.85051810741425	1.22308695316315	0.954881489276886	1.2480902671814	2.00288200378418	-1.83861196041107	-2.97581100463867	-1.86333322525024	-1.09597492218018	-1.37430202960968	-1.7282919883728	-2.59787178039551	-1.34403109550476
Guatemala	GTM	America Latin and the Caribbean	The Americas	-0.908123672008514	-0.716287076473236	-0.685811221599579	-0.551124095916748	0.23510630428791	0.232930302619934	0.285713016986847	0.541361212730408	-0.417365789413452	-0.296029388904572	-0.269126355648041	-0.0734464526176453	-1.33406400680542	-1.13777494430542	-1.25794339179993	-1.26817202568054	-1.62401604652405	-1.47417998313904	-1.8079948425293	-1.90071332454681	-0.458859205245972	-1.05511403083801	-0.797457993030548	-0.383644372224808	-1.75205302238464	-1.35759496688843	-1.54249203205109	-1.36609447002411	-0.713594913482666	-0.131661906838417	0.0788770616054535	-0.066296361386776	-1.20014297962189	-0.510872602462769	-0.176065444946289	0.108013212680817
Guinea	GIN	Africa Sub-Saharan	Africa Sub-Saharan	-2.41291999816895	-2.68541097640991	-2.59844064712524	-2.4586193561554	-2.56556010246277	-2.88156008720398	-2.67163395881653	-2.48132753372192	-2.8334789276123	-2.79454493522644	-2.71141934394836	-2.53847670555115	-2.57411003112793	-2.9713499546051	-3.16941356658936	-2.93598079681396	-3.95707011222839	-3.97296905517578	-4.17962265014648	-4.02612257003784	-3.61943006515503	-3.46907901763916	-3.25117540359497	-3.02260255813599	-1.93884801864624	-2.00344896316528	-1.94252395629883	-2.10449385643005	0.702978014945984	-0.337235003709793	-0.593877077102661	-0.398693680763245	-2.51784300804138	-3.05310201644897	-2.26785850524902	-2.16125655174255
Haiti	HTI	America Latin and the Caribbean	The Americas	-3.13201093673706	-2.65130710601807	-2.63686656951904	-2.82305908203125	-3.05588603019714	-3.25779604911804	-2.14352416992187	-2.20085048675537	-3.18824601173401	-2.8005108833313	-2.826331615448	-2.58718204498291	-2.89029693603516	-3.26573204994202	-3.17671346664429	-3.17212867736816	-2.96010494232178	-2.46018290519714	-2.41705107688904	-2.57880043983459	-4.50096416473389	-3.91239309310913	-4.17179155349731	-3.99231958389282	-2.17950201034546	-1.93309795856476	-2.3755476474762	-2.34154653549194	-3.72689700126648	-3.33512091636658	-2.68457889556885	-3.28833961486816	-2.55419588088989	-0.245620295405388	-1.29939353466034	-2.42330527305603
Honduras	HND	America Latin and the Caribbean	The Americas	-0.875034213066101	-0.829949498176575	-1.06725585460663	-1.0114768743515	-0.546440124511719	-0.514465808868408	-0.799476504325867	-0.39560928940773	-1.14888203144073	-0.96693080663681	-0.886734664440155	-0.75478595495224	-1.71742403507233	-1.6243200302124	-1.91424012184143	-1.82781064510345	-0.970217406749725	-0.886982619762421	-1.14574754238129	-1.25578117370605	0.0168979000300169	0.15628419816494	0.0196156352758408	-0.116591610014439	-0.979771375656128	-0.648859679698944	-0.755479037761688	-1.00118792057037	-0.402344107627869	-0.672842800617218	-1.70043253898621	-1.51038241386414	-1.25209295749664	-1.48147797584534	-1.35555195808411	-1.22966551780701
Hong Kong SAR. China	HKG	Asia East	Asia-Pacific	2.21176600456238	2.15642809867859	2.15218830108643	2.15155506134033	2.70096898078918	2.26718807220459	2.34564328193665	2.2308714389801	3.33673810958862	3.6006920337677	3.78667211532593	3.6510181427002	2.01041293144226	1.87198305130005	1.95914721488953	1.89313697814941	1.11093497276306	1.02637600898743	0.400141179561615	0.674887418746948	1.77313303947449	1.66907203197479	1.91041326522827	1.91762280464172	3.41941595077515	3.88955307006836	3.89338541030884	3.9519214630127	2.28761005401611	2.0891809463501	2.07312822341919	1.85066723823547	1.05491900444031	0.837378978729248	0.8489750623703	1.04231476783752
Hungary	HUN	Eastern Europe	Europe	0.784921824932099	0.767139077186584	0.923539638519287	0.693079590797424	-0.00150799995753914	-0.281629890203476	0.440235376358032	1.15569925308228	1.14293897151947	1.0223400592804	1.34927797317505	1.44227921962738	0.93155437707901	0.916849374771118	0.962309002876282	0.907303988933563	1.8218799829483	1.79151499271393	1.37350034713745	1.30503904819489	1.34454894065857	1.40039896965027	1.44774746894836	1.58103454113007	1.62765300273895	1.72103500366211	1.54896092414856	1.26505565643311	0.11407770216465	-0.00882109999656677	0.912557721138001	-0.812678277492523	-0.701770603656769	-0.424574792385101	-0.646271824836731	-1.29909658432007
Iceland	ISL	Europe	Europe	2.56436204910278	2.73810005187988	2.82806015014648	2.9092378616333	0.381779313087463	1.09120500087738	1.63449835777283	2.0665442943573	3.57057404518127	3.66348910331726	3.68495202064514	3.86572170257568	2.21567511558533	2.46354389190674	2.66390109062195	2.67145919799805	2.13489103317261	2.16951990127563	2.1720814704895	2.17438316345215	2.52412509918213	2.56049609184265	2.29403734207153	2.4223096370697	3.7697229385376	3.84217309951782	3.85042142868042	3.80333089828491	3.3683819770813	3.65593099594116	3.65108823776245	3.65108823776245	2.54974699020386	2.45844006538391	2.67350029945374	2.61906552314758
India	IND	Asia South	Asia-Pacific	-1.15793800354004	-1.30691194534302	-1.02863883972168	-0.800655961036682	0.498495697975159	0.389907687902451	0.588005483150482	0.903610229492188	-1.14254796504974	-1.19675695896149	-0.978184580802918	-0.273130238056183	0.0965633019804955	-0.11051569879055	-0.106163822114468	-0.0354216322302818	-1.41579401493073	-1.09902894496918	-0.702240109443665	-0.714350342750549	-1.94575095176697	-2.02448892593384	-1.97030603885651	-1.65574467182159	-1.83298003673553	-2.00401210784912	-1.96496880054474	-2.06024503707886	0.143352806568146	-1.02018296718597	-0.209006607532501	-0.0312131494283676	-3.66484189033508	-3.39021801948547	-2.88624596595764	-2.53875303268433
Indonesia	IDN	Asia Southeast	Asia-Pacific	-0.12168949842453	-0.250637590885162	-0.242390036582947	-0.059271726757288	1.09385299682617	1.21661198139191	1.19662141799927	1.5496072769165	-0.43574258685112	-0.319504112005234	-0.156249850988388	-0.156806856393814	-1.10898995399475	-0.98820960521698	-0.959912896156311	-0.915767908096314	-0.22080959379673	-0.187131002545357	-0.163118630647659	-0.12152237445116	-0.852328896522522	-0.844004273414612	-0.844940960407257	-0.408763647079468	-0.262594312429428	-0.283837705850601	-0.382784485816956	-0.33012455701828	-0.228646606206894	-1.32415795326233	-1.30557990074158	-1.68953919410706	1.04174304008484	0.725131988525391	0.676844954490662	1.5987434387207
Iran. Islamic Rep.	IRN	MENA	MENA	-1.16118395328522	-1.10821199417114	-1.10387110710144	-1.07948684692383	-0.0260640997439623	-0.521880328655243	-0.826960504055023	-0.588369488716126	-0.894073188304901	-0.527768611907959	-0.49488115310669	-0.168831884860992	-2.401123046875	-2.15509510040283	-2.0694637298584	-2.21391820907593	0.551476418972015	0.622642576694489	0.483497977256775	0.335291415452957	0.501500904560089	0.478316992521286	0.513721883296967	0.547603130340576	-2.37705397605896	-2.29474496841431	-2.40154695510864	-2.17336058616638	-2.26204800605774	-2.2622799873352	-2.31590795516968	-2.40291166305542	-2.38209009170532	-2.20488810539246	-1.71942818164825	-1.97139716148376
Iraq	IRQ	MENA	MENA	-2.48921489715576	-2.3661630153656	-2.2691764831543	-1.86624681949615	-0.548428773880005	-0.090401403605938	-0.741408288478851	0.0623884201049805	-2.39261698722839	-2.48575210571289	-1.92663753032684	-1.72379529476166	-3.01366496086121	-2.97453498840332	-2.82562756538391	-2.70737314224243	-2.5359799861908	-2.34575510025024	-2.08549880981445	-2.27131652832031	-2.02850604057312	-1.57995200157166	-2.22060346603394	-1.96080899238586	-3.35194802284241	-3.09810495376587	-3.18310189247131	-3.49887704849243	-4.35893821716309	-4.51222515106201	-4.07457828521729	-1.8790340423584	-1.68364202976227	-1.84257698059082	-1.09595668315887	-0.951157927513122
Ireland	IRL	Europe	Europe	2.9501690864563	2.79884505271912	2.78892469406128	2.9745728969574	1.90831196308136	1.35400402545929	1.8542572259903	2.46207046508789	3.42267298698425	3.45021104812622	3.2837655544281	3.33361101150513	3.16575288772583	3.09312105178833	3.09925436973572	3.29661822319031	2.02797198295593	2.22253203392029	2.18164157867432	2.20371294021606	2.67915511131287	2.47939610481262	2.28329920768738	2.4702935218811	3.42969608306885	3.39400696754456	3.45676898956299	3.44554948806763	3.7482419013977	3.44876408576965	3.11119318008423	3.61211395263672	3.21954393386841	2.94872498512268	3.04121685028076	2.97261333465576
Israel	ISR	MENA	MENA	0.719162225723267	0.827463388442993	1.02231907844543	1.10006058216095	1.71037995815277	1.65870296955109	2.00367426872253	2.49088191986084	2.14070010185242	2.13207793235779	2.3618438243866	2.53514838218689	1.57907402515411	1.56078398227692	1.59224283695221	1.63872599601746	1.41487896442413	1.63714802265167	1.81238555908203	1.86941504478455	1.43111395835876	1.58538496494293	1.47983431816101	1.69863450527191	-1.84985399246216	-1.70020401477814	-1.57705116271973	-1.39839816093445	-1.78026294708252	-1.59401905536652	-0.885858178138733	-0.78485369682312	1.10726797580719	1.33983397483826	1.39148139953613	0.750931024551392
Italy	ITA	Europe	Europe	1.13127899169922	1.18197798728943	1.06505250930786	1.14966261386871	1.39095294475555	0.827529788017273	1.10128092765808	1.39208126068115	1.44847202301025	1.63742995262146	1.55657279491425	1.81185519695282	0.773523807525635	0.61779522895813	0.538877248764038	0.525683164596558	1.25599205493927	1.38026702404022	1.17958164215088	0.787511348724365	2.14157104492187	2.05480194091797	2.03063106536865	2.09124255180359	0.997977316379547	1.28176701068878	1.52523767948151	1.23292481899261	0.378306210041046	0.831036627292633	0.158921614289284	0.854377031326294	0.663437485694885	0.8251993060112	0.429317086935043	0.501625299453735
Jamaica	JAM	America Latin and the Caribbean	The Americas	-0.118799403309822	0.0510163009166718	0.0445323474705219	0.0795231312513351	-1.27866005897522	-1.59513103961945	-1.74671649932861	-1.72802186012268	0.512983798980713	0.86282342672348	0.888687610626221	0.989902496337891	-0.666872620582581	-0.431651711463928	-0.637616038322449	-0.620904564857483	-0.268172889947891	-0.263191491365433	-0.107591062784195	-0.540161728858948	0.516944527626038	0.228945702314377	0.207983076572418	0.238501936197281	-0.303000211715698	0.123644202947617	0.248519539833069	0.301727056503296	0.245503306388855	1.46781003475189	1.089271068573	1.28530955314636	0.290878593921661	0.0148812998086214	0.413721084594727	0.709832191467285
Japan	JPN	Asia East	Asia-Pacific	2.07756304740906	2.00165796279907	2.25414633750916	2.17313075065613	2.59037899971008	2.80628490447998	2.97154855728149	2.21288299560547	2.56566405296326	2.58963108062744	2.688157081604	2.87950420379639	2.15512800216675	2.05714797973633	2.43669271469116	2.56295919418335	1.71804201602936	1.79429697990417	1.55735182762146	1.54411065578461	2.91474890708923	3.07858109474182	3.24258232116699	3.23831701278687	2.68635702133179	2.11292910575867	2.13044309616089	2.37394785881042	0.809767007827759	0.504417479038239	1.77978444099426	1.5459988117218	1.18042099475861	1.06997394561768	1.22661030292511	1.02732443809509
Jordan	JOR	MENA	MENA	-0.49185061454773	-0.669909179210663	-0.458602994680405	-0.558579921722412	-0.705509424209595	-1.15691101551056	-0.477100491523743	-0.325756341218948	0.249244004487991	0.581759929656982	0.456266582012177	0.535092055797577	-0.165526002645493	-0.281171590089798	-0.253758519887924	-0.308100819587708	0.678463101387024	0.411147207021713	0.724428236484528	0.450249373912811	0.586555123329163	0.497025191783905	0.621368765830994	0.712365567684174	-0.584309101104736	-0.493281811475754	-0.630273818969727	-0.882562935352325	-2.81384897232056	-3.17424011230469	-2.75891923904419	-2.99889445304871	-1.17987298965454	-1.74360299110413	-1.35083556175232	-1.65103197097778
Kazakhstan	KAZ	Asia Central	Asia-Pacific	0.378377586603165	0.441667705774307	0.194306835532188	0.272361189126968	0.756008923053741	1.06550300121307	1.12181377410889	1.15186357498169	0.480128198862076	0.870098173618317	0.858003377914429	1.18534445762634	-1.41699397563934	-1.43655502796173	-1.67121934890747	-1.67466640472412	0.882916629314423	1.05299198627472	0.591503977775574	0.601314902305603	0.610195279121399	0.594253718852997	0.678680062294006	0.907308697700501	0.262934386730194	-0.182257503271103	-0.179616078734398	-0.11318127810955	0.785859286785126	0.456432312726975	-0.50932514667511	-0.257222175598145	0.665972173213959	1.11287498474121	0.664614081382751	0.378127634525299
Kenya	KEN	Africa Sub-Saharan	Africa Sub-Saharan	-1.67828798294067	-1.72817099094391	-1.31992983818054	-1.23092091083527	-1.62107694149017	-2.3006010055542	-0.753574311733246	-0.861029326915741	-1.05754995346069	-0.79662811756134	-0.912487268447876	-0.589854121208191	-1.87518501281738	-1.6376279592514	-1.35499358177185	-1.31012678146362	-2.61636304855347	-2.53298902511597	-2.38328790664673	-2.15389823913574	-2.56953907012939	-2.38824701309204	-2.04605150222778	-1.91184866428375	-2.9433159828186	-2.6715350151062	-3.15987062454224	-3.35363388061523	-0.162288099527359	-0.994815528392792	0.12731559574604	0.784020900726318	-0.580985426902771	-0.502927124500275	-0.0764886736869812	-0.450997322797775
Korea. Rep.	KOR	Asia East	Asia-Pacific	1.53892397880554	1.64969599246979	1.67343425750732	1.56562185287476	1.99511098861694	2.26695895195007	2.87899804115295	2.47261548042297	3.08634400367737	3.03379797935486	2.87852621078491	2.87820339202881	1.22404301166534	1.17109298706055	1.20040774345398	1.09010148048401	2.43349289894104	2.38470888137817	1.9135217666626	1.80061602592468	1.94346904754639	2.09698796272278	2.19195818901062	2.14714169502258	1.15687596797943	2.46686601638794	2.31108140945435	2.63959884643555	0.398780107498169	0.0812909975647926	0.28906974196434	0.274723410606384	0.0732759013772011	-0.304134011268616	-0.276088893413544	-0.778025507926941
Kuwait	KWT	MENA	MENA	0.946992099285126	1.17934703826904	1.06752848625183	1.20986318588257	1.96513199806213	2.59667992591858	2.52830696105957	2.58908319473267	1.78900504112244	1.99026596546173	1.85412049293518	2.06559872627258	0.664463579654694	0.578148424625397	0.367239952087402	0.408339738845825	0.425478309392929	0.670125186443329	1.43216931819916	1.56115531921387	1.36341094970703	1.41695702075958	1.2348005771637	1.57547748088837	1.4910169839859	1.65703594684601	1.59647405147553	1.54310703277588	-0.0982692986726761	0.500746309757233	-0.314904272556305	-0.254722058773041	-0.0243011992424726	0.0248138997703791	-0.157979339361191	0.190865635871887
Kyrgyz Republic	KGZ	Asia Central	Asia-Pacific	-0.745485901832581	-0.464845389127731	-0.365690112113953	-0.036229781806469	-1.65544497966766	-0.51129537820816	-1.11725616455078	-0.716120004653931	-0.45990988612175	-0.145627796649933	0.0165787190198898	0.367218315601349	-2.28270888328552	-1.99000000953674	-2.00216245651245	-2.0195996761322	0.0440431982278824	0.318342506885529	0.54817658662796	0.682688355445862	0.123839899897575	0.252568602561951	0.37175315618515	0.507933557033539	-1.52537202835083	-0.985605418682099	-0.78228497505188	-0.819244742393494	-0.967308878898621	-1.37353205680847	-0.628783047199249	-0.651321351528168	0.758974373340607	0.716386377811432	0.668457269668579	2.35860729217529
Lao PDR	LAO	Asia Southeast	Asia-Pacific	-0.658254504203797	-0.752000510692597	-0.745311677455902	-0.663396596908569	0.412686407566071	0.843390882015228	0.848548173904419	0.632309079170227	-1.01611602306366	-1.13957095146179	-1.11655926704407	-0.970541000366211	-1.10966801643372	-1.06118500232697	-0.951533496379852	-0.865085065364838	-1.98040997982025	-1.51600301265717	-1.54921901226044	-1.37778031826019	-1.97150301933289	-2.22414302825928	-2.22755146026611	-1.65554356575012	0.142381995916367	-0.103239201009274	-0.0620426796376705	-0.0711321383714676	-0.262866586446762	-0.263003706932068	-0.264882057905197	-0.264882057905197	0.519458711147308	-0.552249610424042	-0.639253735542297	-0.734517753124237
Latvia	LVA	Eastern Europe	Europe	0.262543499469757	0.439984500408173	0.676978826522827	0.873392403125763	-0.246963694691658	-0.0676164031028748	1.0357084274292	1.24486005306244	1.46654200553894	1.64067995548248	1.89217972755432	1.95761322975159	0.396255403757095	0.578269422054291	0.692927837371826	0.802795588970184	1.50751602649689	1.52184402942657	1.35448133945465	1.29485523700714	0.847075581550598	0.993527293205261	0.904728770256043	1.0847692489624	0.55333411693573	0.844147086143494	1.0277087688446	1.21887302398682	-1.44279396533966	-0.923354804515839	-0.396619081497192	0.100284405052662	-0.98061740398407	-1.06762099266052	-1.09528493881226	-0.716911435127258
Lebanon	LBN	MENA	MENA	-0.735348224639893	-0.867769122123718	-0.893998801708221	-0.779001712799072	0.30815601348877	-0.566447615623474	0.198317974805832	0.517333209514618	-0.0737935975193977	-0.0500639006495476	-0.280071496963501	0.0318619608879089	-1.7325119972229	-1.60008001327515	-1.69771957397461	-1.75087451934814	0.423237591981888	0.418505012989044	-0.592367172241211	-0.388143092393875	-0.138901606202126	0.274434596300125	0.540859222412109	0.759381890296936	-0.957016587257385	-0.928748011589051	-1.50587427616119	-1.42643809318542	-1.50096499919891	-2.04944109916687	-1.3298704624176	-1.77092576026917	-2.2109899520874	-2.44031310081482	-2.48526477813721	-2.20420932769775
Liberia	LBR	Africa Sub-Saharan	Africa Sub-Saharan	-2.48636507987976	-2.31289792060852	-2.46037459373474	-2.48954200744629	-4.66866111755371	-3.0351710319519	-3.3049201965332	-3.35038089752197	-2.70964002609253	-2.46949696540833	-2.00434350967407	-1.46012091636658	-2.44979500770569	-2.41459393501282	-2.32268905639648	-2.44769644737244	-2.90155410766602	-3.98573899269104	-4.03831911087036	-4.41191005706787	-3.75551795959473	-3.91604089736938	-2.84850931167603	-2.93763494491577	-2.50250291824341	-2.30336499214172	-1.5943329334259	-2.38622045516968	-0.640847980976105	0.126297295093536	-0.981080234050751	-1.57546901702881	-0.26240149140358	-0.505072891712189	-2.58880186080933	-1.34690260887146
Lithuania	LTU	Eastern Europe	Europe	0.62312251329422	0.591346085071564	0.749580681324005	0.853920161724091	-0.346925407648087	-0.569160521030426	0.066580668091774	0.805560410022736	1.26773798465729	1.63444602489471	1.69827246665955	1.62660956382751	0.414412796497345	0.471138209104538	0.764163076877594	0.817623972892761	1.85214197635651	1.57581400871277	1.44147109985352	1.47820341587067	0.898123979568481	1.02444505691528	1.11732840538025	1.21365976333618	1.30840194225311	1.50116395950317	1.5780303478241	1.74322652816772	-0.62211412191391	-1.02856504917145	-0.822498798370361	-0.726601362228393	0.213200896978378	0.121487498283386	0.153298318386078	-0.126920998096466
Luxembourg	LUX	Europe	Europe	2.89533400535583	2.84030199050903	2.49243879318237	2.89698028564453	2.96922302246094	2.57662796974182	2.82089114189148	3.05803680419922	3.62354397773743	3.80050706863403	3.80624723434448	3.82411813735962	3.55886697769165	3.66956305503845	3.63156175613403	3.69025301933289	0.794907987117767	0.890398919582367	0.962074279785156	0.935734391212463	3.77769994735718	3.82281589508057	3.6673412322998	3.77723360061645	3.27295994758606	3.10284304618835	2.75787734985352	2.99891996383667	3.5000159740448	3.44987201690674	1.50243330001831	3.69475555419922	1.66545796394348	1.40978705883026	0.791083872318268	1.19679057598114
Macedonia. FYR	MKD	Eastern Europe	Europe	-0.453954786062241	-0.46181121468544	-0.15142896771431	0.0013164421543479	-1.04224002361298	-1.42026805877686	-0.748755097389221	-0.0184532403945923	0.0388015992939472	0.540743887424469	0.767427206039429	1.14941501617432	-0.993211328983307	-0.875883221626282	-0.661125183105469	-0.67466139793396	0.112624302506447	0.0394705012440681	-0.00207005068659782	0.0521789789199829	0.802902519702911	0.74269962310791	0.827104032039642	0.934429228305817	-0.286621510982513	-0.367298305034638	-0.330569118261337	0.00827091187238693	-0.565783679485321	-0.684848427772522	-0.205380499362946	-0.207459807395935	-1.69810998439789	-1.669105052948	-0.858063042163849	-1.23318815231323
Malawi	MWI	Africa Sub-Saharan	Africa Sub-Saharan	-1.24771499633789	-1.77289295196533	-1.73164653778076	-1.83491468429565	-0.905030727386475	-2.38085508346558	-2.22917127609253	-2.29050874710083	-2.60780191421509	-2.42700791358948	-2.23884868621826	-2.18300986289978	-0.24697470664978	-0.730738878250122	-0.643287301063538	-0.744473516941071	-2.69233798980713	-2.69683408737183	-2.70672726631165	-2.71634554862976	-2.22304105758667	-1.89602899551392	-1.93628489971161	-1.94582486152649	-1.16009104251862	-1.70662999153137	-1.67874717712402	-1.55639600753784	-0.0948112010955811	-0.914620518684387	-0.350298464298248	-1.06835055351257	-0.0516288988292217	-1.43043196201324	-2.06980681419373	-2.17440867424011
Malaysia	MYS	Asia Southeast	Asia-Pacific	0.471488893032074	0.591316878795624	0.639862358570099	0.748838484287262	2.44825601577759	2.73269701004028	2.3778338432312	2.16303420066833	1.235072016716	1.39925599098206	1.70360708236694	1.81527423858643	1.04686403274536	1.03386104106903	0.934296131134033	0.932948410511017	1.00549900531769	1.07899594306946	0.63423615694046	0.707489252090454	0.915491700172424	0.797851085662842	0.699562430381775	0.884256482124329	-0.0811391994357109	-0.164440006017685	-0.417902410030365	-0.0260270126163959	-1.41946399211884	-1.49723899364471	-1.42462313175201	-1.32510852813721	-1.37866902351379	-0.650447010993958	0.611888766288757	0.838841021060944
Mali	MLI	Africa Sub-Saharan	Africa Sub-Saharan	-1.22324299812317	-1.55569803714752	-1.43743467330933	-1.37330734729767	-0.45262148976326	-1.49126195907593	-0.211634993553162	-0.285462200641632	-2.47063088417053	-2.32707905769348	-1.9501256942749	-1.87476885318756	-1.23724496364594	-1.79407894611359	-1.91838431358337	-1.80497622489929	-4.49679613113403	-4.62062883377075	-4.40967178344727	-4.44937419891357	-2.82703995704651	-2.85792899131775	-2.5153489112854	-2.14525270462036	0.410573095083237	0.0222945995628834	-1.88045060634613	-1.82380962371826	1.27862799167633	0.150563701987267	0.85768586397171	0.642367362976074	0.00919019989669323	0.472534000873566	0.528452575206757	0.754817485809326
Malta	MLT	Europe	Europe	1.77500998973846	1.78764498233795	1.98941648006439	2.01623225212097	1.61536002159119	1.15982794761658	1.74809634685516	2.17492961883545	2.72103500366211	3.06658601760864	3.06087160110474	3.07545971870422	2.28780698776245	2.09974408149719	2.2709527015686	2.24714303016663	0.842649698257446	0.974514424800873	1.05669283866882	1.00753283500671	1.84232795238495	1.58028399944305	1.79474627971649	1.95991539955139	1.57450795173645	1.83334004878998	1.87054002285004	1.86059856414795	2.19420003890991	2.29446411132812	2.55540013313293	2.11079144477844	1.12218904495239	1.29240202903748	1.55803203582764	1.69348788261414
Mauritania	MRT	Africa Sub-Saharan	Africa Sub-Saharan	-1.95919501781464	-2.09408688545227	-2.07070159912109	-1.76609039306641	-1.82633101940155	-2.38420796394348	-2.0791871547699	-0.788999557495117	-1.85629594326019	-1.81468200683594	-1.51871824264526	-1.46463179588318	-2.601970911026	-2.48329901695251	-2.34612083435059	-2.45412349700928	-3.58666801452637	-3.65304708480835	-3.70942449569702	-3.54710817337036	-2.584312915802	-2.52579998970032	-2.08410930633545	-1.58152234554291	-1.23944997787476	-1.13893604278564	-1.51007330417633	-1.63509833812714	-1.36819899082184	-2.0559549331665	-2.18111753463745	-2.68630719184875	-0.610333919525147	-0.696771085262299	-1.13686263561249	0.0290675759315491
Mexico	MEX	America Latin and the Caribbean	The Americas	-0.0975586026906967	-0.0160234998911619	-0.0518139079213142	-0.040682427585125	1.42660295963287	1.73418402671814	1.63702857494354	1.41982364654541	0.0388572998344898	0.208140999078751	-0.0061919316649437	0.250673115253448	-0.722640812397003	-0.49202311038971	-0.333275586366653	-0.434845745563507	-0.0975906029343605	-0.161872804164887	-0.38433188199997	-0.383282780647278	0.714709281921387	0.812460720539093	0.905926644802094	0.597361385822296	-1.85236704349518	-1.41997504234314	-1.45066332817078	-1.53536999225616	-0.170904994010925	-0.284031093120575	-0.104712553322315	0.232961520552635	-0.117135003209114	-0.525072515010834	-0.678291201591492	-0.472780555486679
Moldova	MDA	Eastern Europe	Europe	-0.711809813976288	-0.687234878540039	-0.678055584430695	-0.621907830238342	-1.66831505298615	-1.61552596092224	-1.44314575195313	-1.45341074466705	-0.150403901934624	0.248131096363068	0.289915442466736	0.611177146434784	-1.527223944664	-1.49388897418976	-1.55918538570404	-1.47948789596558	0.50581282377243	0.506610572338104	0.277844727039337	0.24095407128334	0.0616930983960629	0.00858320016413927	0.0985280275344849	0.157699435949326	-0.700137317180634	-0.459863096475601	-0.398107886314392	-0.219324856996536	-1.50747096538544	-1.67061400413513	-1.29624438285828	-1.30241048336029	-0.708433091640472	-1.02131104469299	-1.39404964447021	-1.53045916557312
Mongolia	MNG	Asia East	Asia-Pacific	-0.0753773972392082	0.0407398007810116	0.273935735225677	0.190047755837441	-0.632003426551819	-0.822183072566986	0.0633400306105614	-0.250692307949066	0.342034697532654	0.695775210857391	0.906001448631287	0.990077137947083	-1.16324698925018	-1.00992298126221	-0.925125122070312	-0.870578169822693	0.712654888629913	0.73796010017395	0.895619988441467	0.785807847976685	-0.864407122135162	-0.657071828842163	-0.500110507011414	-0.449943691492081	0.883191227912903	0.926244616508484	1.32484710216522	0.996731877326965	-0.618625581264496	-0.117989003658295	-0.46717768907547	-0.526294112205505	0.737382709980011	0.573104679584503	0.894090592861176	0.845273435115814
Montenegro	MNE	Eastern Europe	Europe	-0.013892900198698	-0.336412012577057	-0.0523172914981842	0.187898620963097	-0.845648229122162	-1.66105604171753	-1.25336003303528	-0.715633034706116	0.485640704631805	0.703888714313507	0.804944097995758	0.97731226682663	-0.636335611343384	-0.663751602172852	-0.567312717437744	-0.632978320121765	0.571155905723572	0.142818599939346	1.02696013450623	0.755834400653839	0.705258786678314	0.842099726200104	0.809489488601685	0.755075812339783	1.23114705085754	1.12899494171143	1.16494154930115	0.582969427108765	-0.129598796367645	-0.934029281139374	-0.429668843746185	0.0469329357147217	-1.49276304244995	-2.25026106834412	-1.97453200817108	-0.266324549913406
Morocco	MAR	MENA	MENA	-0.340412795543671	-0.520098388195038	-0.542626738548279	-0.335856914520264	1.42648899555206	1.17245900630951	0.936825573444366	1.55304968357086	-0.155353397130966	-0.0401891991496086	0.0823038071393967	0.269142031669617	-1.01349699497223	-0.680048704147339	-0.718260765075684	-0.789565324783325	-2.32419610023499	-1.74896597862244	-1.78025126457214	-1.84624648094177	0.223813399672508	0.120452597737312	0.234814390540123	0.273052543401718	-0.912012279033661	-1.14262497425079	-0.645797908306122	-0.763068497180939	-1.05413699150085	-0.868872582912445	-1.47054851055145	-0.974732637405396	1.08559000492096	-0.972997486591339	-0.980099439620972	-0.408486723899841
Mozambique	MOZ	Africa Sub-Saharan	Africa Sub-Saharan	-2.04350090026855	-1.88901996612549	-1.80989837646484	-1.74299907684326	-1.71366202831268	-1.01369798183441	-0.389807611703873	-0.418087482452393	-1.59970605373383	-1.66952502727509	-1.54042339324951	-1.41498208045959	-1.35084795951843	-1.39071905612946	-1.46433806419373	-1.53722405433655	-3.71049189567566	-3.54120302200317	-3.74537968635559	-3.67795610427856	-4.21009492874146	-3.84887599945068	-3.63806200027466	-3.03585147857666	-1.77810502052307	-1.66328597068787	-1.72350323200226	-1.88221788406372	0.0983797982335091	0.0984835997223854	0.0903834849596024	0.0903834849596024	-2.08347702026367	-2.08333611488342	-2.06805682182312	-2.06805682182312
Namibia	NAM	Africa Sub-Saharan	Africa Sub-Saharan	-0.662784278392792	-0.771215915679931	-0.631379842758179	-0.651167988777161	-0.412713199853897	-0.645554125308991	-0.0818302631378174	-0.683023154735565	-0.732933521270752	-0.728082120418549	-0.663210868835449	0.106851607561111	0.176499798893929	0.260812699794769	0.310300797224045	0.388173460960388	-1.33602094650269	-1.33962297439575	-1.47189784049988	-1.27399158477783	-1.61267900466919	-2.33681297302246	-1.85521423816681	-2.07164192199707	-0.823839128017426	-0.819894909858704	-0.776678502559662	-0.78075647354126	0.815773129463196	0.815979778766632	0.836887836456299	0.796019315719605	-1.37636196613312	-1.37655198574066	-1.34939575195313	-1.69097495079041
Nepal	NPL	Asia South	Asia-Pacific	-1.41816699504852	-1.10996603965759	-0.773576021194458	-0.591507732868195	-0.616359412670136	-0.566281616687775	-0.188688963651657	-0.137401014566422	-1.76873195171356	-1.54568696022034	-1.20633482933044	-0.804802656173706	-1.85997498035431	-1.55456304550171	-1.60569882392883	-1.45725500583649	-2.00973200798035	-1.61472904682159	-0.953427374362946	-0.797487318515778	-0.915198683738708	-0.951803982257843	-0.857246398925781	-0.692173004150391	-1.25814700126648	-1.36383104324341	-1.26642954349518	-0.723297595977783	-1.06699502468109	-0.177284896373749	0.696235656738281	0.569034993648529	-1.8501969575882	-1.10554599761963	-0.807017683982849	-0.688680171966553
Netherlands	NLD	Europe	Europe	3.0272068977356	2.9500560760498	2.98588824272156	3.04616975784302	2.48392391204834	2.16094994544983	2.06113243103027	2.71205472946167	3.56377005577087	3.64619898796082	3.51544570922852	3.62670469284058	3.52037906646729	3.52130389213562	3.47885751724243	3.42581129074097	2.22941493988037	2.21073198318481	2.43618249893188	2.38126468658447	2.88690900802612	3.06111598014832	3.17265677452087	3.25998878479004	2.56430196762085	2.4974570274353	2.62036466598511	2.6048321723938	3.38544607162476	2.96194791793823	3.28028440475464	3.0959849357605	3.58350801467895	3.54074311256409	3.32218265533447	3.26271629333496
New Zealand	NZL	Asia Pacific	Asia-Pacific	3.15073490142822	3.13473892211914	3.24794101715088	3.24676895141602	1.81370198726654	2.28730797767639	2.5488440990448	2.56783366203308	3.43662905693054	3.36472296714783	3.24131727218628	3.33491897583008	4.05541801452637	4.08712577819824	3.95570397377014	3.9778413772583	2.86013197898865	2.87019109725952	2.2339198589325	2.28910541534424	2.10705590248108	2.11068201065063	2.20182847976685	2.20738220214844	2.92351889610291	2.85393095016479	3.05284094810486	2.97897696495056	3.9081609249115	3.68119788169861	3.91864061355591	3.82237243652344	4.1012601852417	3.82275104522705	4.83043384552002	4.79571962356567
Nicaragua	NIC	America Latin and the Caribbean	The Americas	-0.761367201805115	-0.367776095867157	-0.382599651813507	-0.462487459182739	-0.35988649725914	0.732331812381744	0.122307032346725	-0.224341914057732	-1.51400494575501	-1.25267994403839	-0.84128201007843	-0.666762888431549	-1.48309898376465	-1.40566003322601	-1.3261981010437	-1.23674154281616	-0.573625922203064	-0.382783085107803	-0.634676992893219	-0.53454053401947	-0.310932606458664	-0.236451506614685	-0.27463686466217	-0.128814041614533	-0.65550571680069	-0.405564695596695	-0.394273489713669	-0.798978447914124	0.548473477363586	0.75433498620987	1.1162052154541	0.847522735595703	-1.74235594272614	-0.745736181735992	-0.828242123126984	-0.957243144512176
Niger	NER	Africa Sub-Saharan	Africa Sub-Saharan	-1.65108501911163	-1.48964595794678	-1.51574921607971	-1.5105208158493	-0.0599304996430874	-0.307200789451599	-0.360521465539932	0.372325778007507	-3.20467591285706	-2.99962496757507	-2.89745163917542	-2.84901642799377	-0.913544416427612	-1.10322105884552	-1.12134695053101	-1.13921594619751	-4.75494003295898	-4.61627101898193	-4.63618659973145	-4.66491889953613	-2.53010010719299	-2.1455340385437	-2.16631937026978	-2.04186201095581	-1.02148795127869	-0.473642408847809	-0.847069501876831	-1.49989378452301	0.651347279548645	0.545018672943115	0.687557101249695	0.243931770324707	-1.37534499168396	-0.81669420003891	-0.78465485572815	-0.505517065525055
Nigeria	NGA	Africa Sub-Saharan	Africa Sub-Saharan	-1.97254800796509	-1.9994809627533	-2.14057970046997	-1.96525096893311	-1.61203098297119	-1.22712302207947	-0.396474599838257	-0.568597674369812	-1.56017100811005	-1.59501302242279	-1.43820118904114	-1.06839120388031	-2.37639498710632	-2.48207402229309	-2.42664575576782	-2.3778133392334	-3.25948905944824	-3.31234502792358	-3.26992893218994	-3.23861789703369	-2.46892905235291	-2.7166121006012	-3.16233110427856	-2.73812389373779	-2.97342991828918	-3.23246598243713	-3.49982595443726	-3.39466261863708	-0.376243889331818	-1.21419703960419	-1.29256021976471	-1.64262354373932	-1.15369594097137	-0.216021806001663	-1.63867008686066	-0.693177819252014
Norway	NOR	Europe	Europe	3.43405795097351	3.5341260433197	3.51794195175171	3.50406074523926	3.26087498664856	3.54158401489258	3.34558868408203	3.22910118103027	3.66996598243713	3.73132610321045	3.69256401062012	3.86351346969604	3.19638395309448	3.42147302627563	3.56560277938843	3.5418267250061	2.44158697128296	2.55093288421631	2.38235330581665	2.37985754013062	3.06013989448547	3.09510588645935	3.2028751373291	3.32991027832031	3.7144980430603	3.24397301673889	3.24327063560486	3.12029027938843	3.65561103820801	3.82377791404724	3.83771300315857	3.79138469696045	4.47340488433838	4.86483001708984	4.87356758117676	4.77660131454468
Pakistan	PAK	Asia South	Asia-Pacific	-2.52674698829651	-2.43736505508423	-2.24083185195923	-2.32947492599487	-1.26057195663452	-1.03349101543427	-0.64409077167511	-0.519384384155273	-1.23206198215485	-0.983264625072479	-0.948332786560059	-1.08601915836334	-2.01224493980408	-2.26905107498169	-2.1721625328064	-2.02705025672913	-3.12386989593506	-3.24476099014282	-3.23433208465576	-3.34772634506226	-2.29035902023315	-2.13494491577148	-2.01796412467957	-2.53196048736572	-4.00624179840088	-4.05062294006348	-3.80264186859131	-3.92884111404419	-2.73052406311035	-3.00285291671753	-2.83442640304565	-2.19683694839478	-3.55810403823853	-2.7799289226532	-2.27270340919495	-2.99798011779785
Panama	PAN	America Latin and the Caribbean	The Americas	0.640612304210663	0.809082090854645	0.796483993530274	0.594248533248901	1.12198495864868	1.5413990020752	1.70917928218842	1.22085380554199	1.4423919916153	1.72311902046204	1.50214469432831	1.6641982793808	-0.339972704648972	-0.346196591854095	-0.340174615383148	-0.404911756515503	0.509672403335571	0.478341698646545	0.323039352893829	0.00574545189738274	0.684360027313232	0.82108461856842	0.865136504173279	0.472510874271393	0.61674952507019	0.689545810222626	0.406329452991486	0.134822279214859	1.15443003177643	1.10891604423523	1.40570831298828	1.41241097450256	-0.0647177994251251	0.456447511911392	0.500508844852448	0.248358488082886
Paraguay	PRY	America Latin and the Caribbean	The Americas	-0.244903206825256	-0.146598398685455	-0.178910881280899	-0.358723402023315	0.789362370967865	1.32530605792999	1.4195077419281	1.15337324142456	-0.653799116611481	-0.548310577869415	-0.188273876905441	-0.165005654096603	-1.59264504909515	-1.65290594100952	-1.83341228961945	-1.87596297264099	-1.09490394592285	-1.1910320520401	-1.24459290504456	-1.37563002109528	0.241621404886246	-0.2694051861763	-0.166800662875176	0.314257234334946	-0.685772895812988	-0.383597999811172	-0.438822150230408	-1.11895394325256	1.00259494781494	1.21392095088959	1.13999819755554	0.469353228807449	0.0343170985579491	0.333237290382385	-0.118891060352325	-0.2712182700634
Peru	PER	America Latin and the Caribbean	The Americas	-0.337797909975052	-0.423685908317566	-0.421789079904556	-0.381866425275803	1.26162803173065	0.956953287124634	1.06019747257233	1.06582093238831	0.00305719999596477	0.130550101399422	0.288155198097229	0.463304281234741	-1.13026297092438	-1.01130294799805	-1.08710813522339	-1.06049811840057	-0.235360205173492	-0.13549180328846	-0.460464477539063	-0.384740114212036	-0.283680498600006	-0.214655205607414	-0.175936937332153	-0.143575772643089	-1.14859700202942	-1.12723302841187	-1.46943998336792	-1.46134376525879	0.312078505754471	-0.0180859006941319	0.0657193139195442	0.153997778892517	-1.48124599456787	-1.97022199630737	-1.59543514251709	-1.68789660930634
Philippines	PHL	Asia Southeast	Asia-Pacific	-0.242386102676392	-0.129219606518745	-0.0799352824687958	-0.141883626580238	0.99275428056717	1.12006294727325	1.27670311927795	0.992974400520325	-0.11506699770689	0.0242998991161585	0.21638335287571	0.329604208469391	-0.349121302366257	-0.169836103916168	-0.0664636492729187	-0.0522133708000183	0.0737235993146896	0.135049700737	-0.0734153240919113	-0.0629797130823135	-0.781272292137146	-0.984326481819153	-0.86362212896347	-0.472489416599274	-1.79003500938416	-1.69433605670929	-1.72927951812744	-2.20425796508789	0.405279189348221	0.665573716163635	0.657975316047669	0.748684108257294	-0.375350713729858	-0.130244299769402	-0.057763397693634	-0.414391219615936
Poland	POL	Eastern Europe	Europe	1.14707803726196	1.17586600780487	1.17058527469635	1.53060698509216	0.841348528862	0.906581580638886	1.20554947853088	1.7706298828125	1.44503498077393	1.58360302448273	1.57507562637329	2.0172233581543	0.91380512714386	0.901048183441162	0.805644035339356	0.885857224464417	1.17014098167419	1.23739099502563	1.41247141361237	1.37518191337585	1.46088695526123	1.59216701984406	1.59671330451965	1.65683007240295	1.94328796863556	2.10608005523682	2.21960806846619	2.13684320449829	1.10099101066589	0.310479909181595	0.314800500869751	1.64033246040344	0.301128894090652	0.769577980041504	0.234820157289505	0.761957347393036
Portugal	PRT	Europe	Europe	1.58814001083374	1.48141205310822	1.5405820608139	1.59797728061676	0.856728613376617	0.375406205654144	0.899928867816925	0.84290885925293	2.18441796302795	2.19132590293884	2.04501986503601	2.22207975387573	1.00322103500366	0.917235493659973	1.14796781539917	1.24412226676941	1.41362798213959	1.45089900493622	0.882332324981689	0.829063892364502	1.82557702064514	1.74578094482422	1.71164417266846	1.73880124092102	2.639652967453	2.45041298866272	2.88405084609985	2.62203979492187	3.04061889648437	2.32101798057556	2.46694850921631	2.99558424949646	-0.25872328877449	0.399216800928116	0.28676450252533	0.289217829704285
Romania	ROU	Eastern Europe	Europe	-0.0849979966878891	0.0621424987912178	0.0651359632611275	0.366504579782486	-0.562153875827789	-0.254889607429504	-0.168404519557953	0.632156908512116	0.913688778877258	1.0854320526123	1.13688015937805	1.47325825691223	-0.769069015979767	-0.574680626392365	-0.687301695346832	-0.508118450641632	0.735979795455933	0.865362226963043	0.45930615067482	0.423130869865418	0.56834888458252	0.508029520511627	0.52508419752121	0.534928262233734	0.714104592800141	0.822209119796753	0.899742007255554	0.753263354301453	-0.247663602232933	0.0244265999644995	-0.00535732135176659	1.21129751205444	-2.0332190990448	-1.97874903678894	-1.6388612985611	-1.58788001537323
Russian Federation	RUS	Eastern Europe	Europe	-0.220175102353096	-0.0398399010300636	-0.125533148646355	0.247139737010002	0.369126796722412	0.896938920021057	0.809401750564575	1.12904274463654	0.910901486873627	1.17997097969055	1.35146176815033	1.80232000350952	-2.10883498191833	-1.89820504188538	-1.9313063621521	-1.56206917762756	1.63145005702972	1.63447403907776	1.18778240680695	1.50337076187134	0.867565274238586	0.994637727737427	1.08958649635315	1.25917148590088	-1.3028130531311	-1.32505202293396	-1.33226418495178	-1.15667569637299	-1.79908502101898	-1.66315197944641	-1.91603171825409	-1.24187278747559	-0.329712003469467	-0.138331800699234	-0.262895345687866	0.243830561637878
Rwanda	RWA	Africa Sub-Saharan	Africa Sub-Saharan	-1.52697002887726	-1.26916897296906	-0.878106236457825	-0.883453667163849	-1.34343600273132	-1.07561302185059	-0.442626386880875	0.397045642137527	-1.62511599063873	-1.14607000350952	-1.00248277187347	-1.52254796028137	-0.0807885006070137	0.149015694856644	0.116149961948395	0.279976725578308	-2.08522391319275	-1.97729194164276	-2.1277494430542	-2.2631573677063	-2.42857694625854	-1.75059604644775	-1.41238749027252	-1.28838300704956	-0.677040278911591	-0.877129018306732	-0.927426338195801	-1.25910568237305	-0.643241286277771	-1.0095089673996	-0.143395304679871	-0.0994048491120338	-3.33233594894409	-2.46615695953369	-1.08493232727051	-1.31205272674561
Saudi Arabia	SAU	MENA	MENA	0.153657093644142	0.309949785470963	0.484494715929031	0.779735922813416	1.63981294631958	2.10540008544922	2.0729615688324	2.14458847045898	1.04552805423737	1.28236997127533	1.27872753143311	1.44951319694519	0.0858675986528397	-0.113050498068333	0.211496263742447	0.227481871843338	0.400224506855011	0.812457084655762	1.50948238372803	1.76447939872742	0.957274615764618	0.993521213531494	1.05210077762604	1.23724269866943	-0.831521093845367	-0.782264411449432	-0.422569423913956	-0.498643279075623	-2.50591802597046	-2.70258402824402	-2.88095831871033	-1.17851150035858	0.437987506389618	0.883749604225159	1.05471694469452	1.09173631668091
Senegal	SEN	Africa Sub-Saharan	Africa Sub-Saharan	-1.69181704521179	-1.22450399398804	-1.0927871465683	-0.823239326477051	-1.02597796916962	-0.595607221126556	-0.530992805957794	-0.592521786689758	-1.90360105037689	-1.70612895488739	-1.34658968448639	-1.18087124824524	-1.50537598133087	-1.10581994056702	-1.01563835144043	-0.864401996135712	-3.03033494949341	-3.10952210426331	-3.42389869689941	-3.24770164489746	-2.74701404571533	-1.97796201705933	-1.75188970565796	-1.42585647106171	-1.10293304920197	-0.977918326854706	-1.47664320468903	-1.05689668655396	0.630289793014526	0.775809526443481	1.08806693553925	1.54751300811768	-2.84959197044373	-1.09888195991516	-0.284711390733719	0.234822273254395
Serbia	SCG	Eastern Europe	Europe	-0.549434781074524	-0.43198299407959	-0.390481561422348	-0.135467037558556	-1.59159898757935	-1.74141204357147	-1.91272330284119	-0.957817077636719	-0.179068103432655	-0.0429688990116119	0.115087270736694	0.214727282524109	-1.11890399456024	-1.10507500171661	-1.03078985214233	-0.900818347930908	0.470233500003815	0.433067709207535	0.572911143302918	0.835543870925903	0.588583588600159	0.788886189460755	0.692854523658753	0.81933319568634	-0.0188755001872778	-0.253651797771454	-0.193820208311081	-0.079575315117836	-0.466321408748627	-0.0823903009295464	-0.0913881212472916	0.530484139919281	-2.07952904701233	-1.45231997966766	-1.27598404884338	-1.54561400413513
Sierra Leone	SLE	Africa Sub-Saharan	Africa Sub-Saharan	-2.41997694969177	-2.33516311645508	-2.60810995101929	-1.94569253921509	-2.85051107406616	-2.6235179901123	-2.74999141693115	-2.10492134094238	-2.72693300247192	-2.60384607315063	-2.29485988616943	-2.26348829269409	-2.0055890083313	-1.86153197288513	-1.95581436157227	-1.79144167900085	-3.90358996391296	-4.00676584243774	-3.91685962677002	-3.41159558296204	-4.74338388442993	-4.70042419433594	-4.68687534332275	-3.65972185134888	-2.63580799102783	-2.39147400856018	-2.73093390464783	-2.4520525932312	0.272463798522949	0.272383809089661	-0.839685916900635	-0.0211737118661404	-0.76646888256073	-0.766126394271851	-1.68985974788666	0.13885486125946
Singapore	SGP	Asia Southeast	Asia-Pacific	2.11174893379211	2.16176199913025	2.31799626350403	2.60188484191895	3.22166609764099	3.17330098152161	3.59515380859375	4.04098463058472	3.48536109924316	3.48567390441895	3.47715854644775	3.63127493858337	3.15725994110107	3.20990610122681	3.29562616348267	3.32186889648437	0.989546775817871	1.24056303501129	1.72308206558228	1.91693377494812	2.06172204017639	2.2403130531311	2.2672860622406	2.55988764762878	2.93086194992065	2.89698195457458	2.87283754348755	2.96284961700439	0.409170210361481	0.409365296363831	0.97248637676239	1.19502735137939	0.638403177261353	0.637994825839996	0.340340226888657	1.1862518787384
Slovak Republic	SVK	Eastern Europe	Europe	1.05981302261353	0.930772602558136	1.07567226886749	1.21728622913361	0.667005777359009	0.301612108945847	0.73729532957077	1.63046133518219	1.55847203731537	1.65698599815369	1.80496430397034	2.05323624610901	0.419223695993423	0.545762121677399	0.311156421899796	0.318163156509399	1.64977896213532	1.68594801425934	1.92569386959076	1.9227728843689	1.63454604148865	1.75978398323059	1.72335195541382	1.78724610805511	1.41649699211121	1.39076197147369	1.80352997779846	1.63789749145508	0.832283318042755	-0.120826102793217	0.148696407675743	0.299362480640411	0.300701200962067	0.226154193282127	0.150689542293549	0.0891502946615219
Slovenia	SVN	Eastern Europe	Europe	1.80005204677582	1.7956999540329	1.72367858886719	1.81349384784699	1.17225801944733	0.749815106391907	0.582017004489899	1.03395557403564	2.38300490379333	2.64094495773315	2.51106262207031	2.80421543121338	1.25533199310303	1.17111599445343	1.04126441478729	1.17158842086792	2.32503509521484	2.35932898521423	2.04773283004761	2.115882396698	1.91443800926209	1.92901599407196	1.92505550384521	1.9352400302887	2.91292810440063	2.9604070186615	2.96443104743958	2.87525081634521	1.72889399528503	1.9790780544281	1.99163544178009	1.96399641036987	0.708523392677307	0.575897216796875	0.726229429244995	0.607822120189667
South Africa	ZAF	Africa Sub-Saharan	Africa Sub-Saharan	-0.370524406433106	-0.432436585426331	-0.452271819114685	-0.177745476365089	-0.420529186725616	-0.374043107032776	-0.290573418140411	-0.262739598751068	1.70908200740814	1.62833094596863	1.43994379043579	2.00375986099243	0.245136901736259	-0.0517657995223999	-0.0386605970561504	-0.0476629324257374	-0.66187047958374	-0.713912487030029	-0.68106871843338	-0.17726232111454	-2.39777493476868	-1.83889198303223	-1.76085925102234	-1.72478830814362	-1.34779500961304	-1.50228798389435	-1.68611931800842	-1.89607703685761	0.616878211498261	-0.305466592311859	-0.235668122768402	0.736147105693817	-0.707323014736176	-0.301456093788147	-0.365168809890747	-0.0533405542373657
Spain	ESP	Europe	Europe	1.80181002616882	1.80282402038574	1.66811299324036	1.87456583976746	1.23393201828003	1.07755398750305	1.0976231098175	1.58915281295776	2.27128005027771	2.21974301338196	2.10660552978516	2.30446434020996	1.65747404098511	1.60654902458191	1.38799822330475	1.49012088775635	2.24237704277039	2.38230204582214	1.84016704559326	1.85417723655701	2.06876301765442	2.02706098556519	2.06820678710937	1.96225500106812	1.58374905586243	1.96846604347229	1.86886668205261	2.20532131195068	2.62564992904663	2.2685968875885	2.29286217689514	2.38602685928345	0.731254696846008	0.872322678565979	0.68257486820221	1.2050085067749
Sri Lanka	LKA	Asia South	Asia-Pacific	-0.0536054000258446	-0.0351031981408596	0.0344255529344082	0.136651590466499	-0.0591129995882511	-0.0750814005732536	0.160634621977806	0.687688112258911	-0.442279696464539	-0.329926192760468	-0.184784516692162	0.0446252375841141	0.0488437004387379	0.190532401204109	0.0658503025770187	-0.329789936542511	0.82717502117157	1.01251494884491	0.321649610996246	0.441314190626144	0.231728494167328	0.183166995644569	0.217276379466057	0.322067350149155	-2.18035793304443	-2.05279207229614	-2.00672674179077	-1.93160116672516	0.364283889532089	0.174632206559181	0.880412697792053	1.01462972164154	0.780876815319061	0.616127789020538	0.821092069149017	0.844279229640961
Sudan	SDN	Africa Sub-Saharan	Africa Sub-Saharan	-2.1504271030426	-2.33224391937256	-2.45865225791931	-2.54769015312195	-0.787699222564697	-1.26930403709412	-2.2251091003418	-1.57447707653046	-1.75142896175385	-1.53024005889893	-1.42321991920471	-1.70719575881958	-2.94234108924866	-2.79223489761353	-2.88433885574341	-2.95097255706787	-3.27281308174133	-3.24863004684448	-3.28805685043335	-4.3563928604126	-1.97189104557037	-2.61088991165161	-2.53656673431396	-2.43169665336609	-3.93738102912903	-4.04319000244141	-4.11283731460571	-3.69762706756592	-2.96881604194641	-3.35851502418518	-3.368807554245	-3.94881439208984	0.428958505392075	0.195049494504929	0.169718027114868	0.285654813051224
Sweden	SWE	Europe	Europe	3.15800094604492	3.20794892311096	3.19465565681458	3.22435808181763	2.79398202896118	2.80362296104431	3.29574632644653	3.00535535812378	4.11727380752564	4.21859788894653	4.19557476043701	4.25798034667969	3.77164101600647	3.75256204605103	3.68157815933228	3.75506806373596	2.17576789855957	2.12792801856995	1.88263964653015	1.86578810214996	2.50784993171692	2.59277105331421	2.66544103622437	2.66962289810181	3.27389788627625	3.50555300712585	3.50031852722168	3.40873956680298	3.69465899467468	3.69440102577209	3.41842699050903	3.5808424949646	2.92893409729004	2.96815204620361	2.91752004623413	3.25146794319153
Switzerland	CHE	Europe	Europe	3.00499391555786	3.21704792976379	3.31637382507324	3.33709979057312	3.33033108711243	3.32430505752563	3.71734094619751	3.69755506515503	3.60099697113037	3.86391401290894	3.8699004650116	4.03664875030518	4.27907800674439	4.43592309951782	4.46973323822022	4.42556190490723	1.44147598743439	1.60670304298401	1.7543466091156	1.85482811927795	3.19120597839355	3.41692709922791	3.5674557685852	3.63644194602966	2.97512698173523	2.98070192337036	2.99703550338745	2.95756912231445	2.35401892662048	2.95412492752075	2.97738552093506	3.11019086837769	2.86771607398987	3.15378308296204	3.17779231071472	2.97800207138062
Syrian Arab Republic	SYR	MENA	MENA	-1.61290204524994	-1.95460402965546	-2.3310022354126	-2.60651254653931	-0.184366106987	-2.02780890464783	-2.18641328811645	-2.24843454360962	-1.70396900177002	-1.85399198532105	-1.79572451114655	-1.74568676948547	-1.34976601600647	-1.43007397651672	-2.31476831436157	-2.88617706298828	-0.806559383869171	-1.09222602844238	-1.08698749542236	-2.40740442276001	-0.216773495078087	-0.49554568529129	-1.15250551700592	-1.04109978675842	-2.17766189575195	-3.38255500793457	-3.8743052482605	-4.28598213195801	-3.29351091384888	-2.95393109321594	-3.74981784820557	-3.74981832504272	-3.1706109046936	-2.40070199966431	-2.48749589920044	-2.48749661445618
Taiwan	TWN	Asia East	Asia-Pacific	2.11054110527039	1.97101497650146	1.99867761135101	2.07479405403137	2.76335692405701	2.32494592666626	2.55495548248291	2.39591932296753	2.55328893661499	2.71906900405884	2.83363342285156	2.96080589294434	1.20864999294281	1.1093510389328	1.00685882568359	0.99847662448883	2.60974907875061	2.27533197402954	2.00461912155151	1.77350330352783	1.79901695251465	1.98835897445679	2.03972148895264	2.05863952636719	2.97400403022766	3.15471196174622	3.2227635383606	3.25643157958984	1.90469801425934	1.42314994335175	1.51214361190796	1.57336509227753	1.0715639591217	0.77319598197937	0.814724981784821	1.58121180534363
Tajikistan	TJK	Asia Central	Asia-Pacific	-0.739834010601044	-0.784591913223267	-0.750069856643677	-0.602943241596222	-1.23715603351593	-0.694250822067261	-0.956290543079376	-0.96163684129715	-1.5806759595871	-1.43120396137238	-1.32554078102112	-1.06945967674255	-1.89209604263306	-1.78358697891235	-1.80994009971619	-1.85876822471619	0.29714161157608	0.392824709415436	0.353704988956451	0.413890361785889	-0.80997371673584	-0.900838315486908	-0.86414510011673	-0.670189738273621	0.247421607375145	0.137332394719124	0.0617341697216034	-0.094737596809864	-0.807637691497803	-1.60410797595978	-1.27615749835968	-1.01277637481689	-0.135695606470108	-0.392903596162796	-0.183923959732056	0.430132329463959
Tanzania	TZA	Africa Sub-Saharan	Africa Sub-Saharan	-1.48002505302429	-1.73245096206665	-1.61429119110107	-1.56010937690735	-0.33670911192894	-1.17262005805969	-0.350435197353363	-0.735765159130096	-1.94261705875397	-1.89222002029419	-1.7048122882843	-1.46177709102631	-1.32221102714539	-1.56377100944519	-1.45386731624603	-1.33514738082886	-3.05520796775818	-2.99632000923157	-3.00067853927612	-3.38289308547974	-2.68430089950562	-2.87146711349487	-2.35085010528564	-2.27683734893799	-1.75188004970551	-1.79560697078705	-1.9298312664032	-2.09961724281311	-0.699340879917145	-1.7833080291748	-1.49689733982086	-0.651250243186951	-0.0479310005903244	0.215702503919601	-0.626957356929779	-0.537587523460388
Thailand	THA	Asia Southeast	Asia-Pacific	0.054168701171875	0.228576198220253	0.293088614940643	0.550790250301361	2.2356960773468	2.59352588653564	2.57186555862427	2.50002503395081	0.423021405935288	0.671401977539063	0.670104146003723	0.797875881195068	-0.366270899772644	-0.176360294222832	-0.142610311508179	-0.0693486928939819	0.217943802475929	0.231350004673004	0.423039495944977	0.291493356227875	0.288521409034729	0.646546006202698	0.666522860527039	0.832960546016693	-1.32271897792816	-1.17896103858948	-1.17284071445465	-1.08458971977234	-2.37471699714661	-2.45454096794128	-2.63265609741211	-1.06432521343231	1.33187401294708	1.49564802646637	1.96128392219543	2.20223069190979
Togo	TGO	Africa Sub-Saharan	Africa Sub-Saharan	-2.92451691627502	-2.80693793296814	-2.65336513519287	-2.11688184738159	-2.81930303573608	-2.94600009918213	-2.11312508583069	-1.2155534029007	-2.9646999835968	-2.59887790679932	-2.62259030342102	-2.25312685966492	-2.51237988471985	-2.31503701210022	-2.22576093673706	-2.33979678153992	-3.29100799560547	-3.07557201385498	-3.22532916069031	-3.02838706970215	-3.58347010612488	-3.0901141166687	-2.88096261024475	-2.72138214111328	-1.31061494350433	-1.50276601314545	-1.26626038551331	-0.49952831864357	-0.399075210094452	-0.398993611335754	-0.40494242310524	0.177103370428085	-6.51558923721314	-6.52814197540283	-6.48795080184937	-5.05438280105591
Trinidad and Tobago	TTO	America Latin and the Caribbean	The Americas	0.188677698373795	0.664201617240906	0.720420360565186	0.759669184684754	-0.24551659822464	0.373075008392334	0.31901752948761	0.399443328380585	0.736904323101044	1.78717601299286	1.84298324584961	2.02512407302856	-0.123789601027966	0.456743389368057	0.302332520484924	0.292629450559616	-0.14855919778347	-0.00230369996279478	-0.0995338931679726	-0.0995339527726173	0.610441327095032	0.666457712650299	0.508057832717896	0.616881847381592	0.137540504336357	0.98533821105957	0.94288158416748	0.895184218883514	1.1126149892807	1.61264097690582	1.84381723403931	1.84381771087646	-0.570213675498962	-0.56551468372345	0.103806614875793	0.103806614875793
Tunisia	TUN	MENA	MENA	-0.521671712398529	-0.74151360988617	-0.708797693252564	-0.726705849170685	-0.00214440003037453	-0.412254989147186	-0.15948697924614	-0.178905576467514	0.822035610675812	0.775298595428467	0.909773111343384	0.874265432357788	-0.663441181182861	-1.18510103225708	-1.37775242328644	-1.22575390338898	0.0111192995682359	-0.212811499834061	0.0298459380865097	-0.27025580406189	0.473408788442612	0.335019886493683	0.482677340507507	0.402877122163773	-0.402082294225693	0.197039499878883	-0.481091439723969	-0.734148025512695	-1.99838602542877	-1.98077094554901	-1.82426381111145	-1.60317766666412	-2.41388297080994	-3.44852805137634	-3.25008344650269	-3.07854843139648
Turkey	TUR	MENA	MENA	-0.753391087055206	-0.619080483913422	-0.603747665882111	-0.333554923534393	-0.0693923979997635	0.0689060986042023	-0.113506674766541	-0.037220761179924	0.710993587970734	1.00442397594452	0.565360486507416	0.653573930263519	0.229678899049759	0.148076698184013	0.276516377925873	0.15959258377552	-0.756322026252747	-0.404092490673065	-0.222219973802567	-0.225945189595222	0.643765985965729	0.77216637134552	0.7354936003685	0.796831429004669	-1.21086096763611	-1.33502697944641	-1.32933282852173	-1.79295790195465	-2.31075310707092	-2.60425496101379	-2.79195332527161	-0.834296703338623	-3.26423907279968	-2.60284304618835	-1.95033884048462	-1.38801670074463
Uganda	UGA	Africa Sub-Saharan	Africa Sub-Saharan	-1.67894697189331	-1.69685804843903	-1.41249585151672	-1.52834868431091	-0.609592020511627	-0.977497696876526	-0.573911249637604	-0.657341241836548	-1.68966197967529	-1.55317497253418	-1.60736560821533	-1.65232086181641	-1.40469098091126	-1.61502003669739	-1.52791333198547	-1.50713336467743	-2.8924720287323	-2.74368190765381	-2.58359575271606	-2.62816882133484	-3.22076392173767	-3.02495098114014	-2.66378974914551	-2.32066106796265	-3.09994602203369	-3.12694191932678	-2.91028690338135	-3.23931550979614	-0.55219441652298	-0.691265225410462	0.216787904500961	0.287051290273666	0.0377482995390892	0.157672598958015	0.350107789039612	-0.508900105953217
Ukraine	UKR	Eastern Europe	Europe	-0.27845698595047	-0.0958086997270584	0.00598901137709618	-0.0922102630138397	-1.11923396587372	-0.027997700497508	0.349753469228744	-1.42439389228821	0.260140001773834	0.689330577850342	0.909367024898529	1.21698462963104	-2.16731810569763	-2.15511894226074	-2.13649892807007	-2.13037204742432	1.4641820192337	1.48900198936462	1.02974700927734	1.19557535648346	0.370095402002335	-0.267749011516571	0.232313632965088	0.301000207662582	0.1789381057024	0.325360804796219	0.352604269981384	0.10588825494051	-1.18929004669189	-1.40213799476624	-1.18670463562012	-0.60808265209198	-0.02517019957304	0.582840383052826	0.497330248355866	0.605718016624451
United Arab Emirates	ARE	MENA	MENA	1.33585798740387	1.4111989736557	1.4327951669693	1.44280850887299	2.29390907287598	2.58425498008728	2.87580871582031	2.28634977340698	2.1623969078064	2.32733297348022	2.04307150840759	2.52400827407837	0.61981338262558	0.923086106777191	1.16983497142792	1.27785849571228	1.24295699596405	1.15118396282196	1.11329877376556	1.25513815879822	1.60460996627808	1.55693304538727	1.35383522510529	1.64787924289703	2.09559011459351	2.17347192764282	2.03995013237	1.61977458000183	0.162759304046631	0.34849551320076	0.472337186336517	0.281047403812408	0.504827976226807	0.224829494953156	0.394224464893341	0.650412440299988
United Kingdom	GBR	Europe	Europe	2.64613890647888	2.59742999076843	2.69469165802002	2.72708606719971	1.85457003116608	1.6963939666748	1.98632574081421	2.40496778488159	3.60417294502258	3.64491510391235	3.69168710708618	3.84999895095825	3.66199994087219	3.52387094497681	3.48815584182739	3.52765464782715	1.45183598995209	1.5031590461731	1.77510213851929	1.68339490890503	2.3029899597168	2.20243692398071	2.24210262298584	2.1841893196106	2.32531690597534	2.3923180103302	2.40281200408936	2.36973905563354	3.26711201667786	2.9980320930481	3.18137836456299	3.10784864425659	2.70111489295959	2.81831097602844	2.7899694442749	2.68889617919922
United States	USA	America North	The Americas	2.83025407791138	2.83860802650452	2.86810564994812	2.93200540542603	2.12383699417114	1.97324597835541	2.50953769683838	2.6893002986908	3.45430302619934	3.47349905967712	3.50298595428467	3.64084005355835	3.52806997299194	3.47751998901367	3.37687063217163	3.48964929580688	2.51511693000793	2.52847409248352	2.09006452560425	2.19541430473328	3.3491039276123	3.74837589263916	3.87026238441467	3.92395162582397	1.86080205440521	1.73326396942139	1.80444252490997	1.62734687328339	2.93268203735352	2.80570006370544	2.45274877548218	3.00606894493103	2.87811398506165	2.96878409385681	3.33793210983276	2.88347220420837
Uruguay	URY	America Latin and the Caribbean	The Americas	1.2178920507431	1.34953594207764	1.3013870716095	1.40542352199554	0.864751577377319	1.08944404125214	0.856435298919678	1.26266264915466	0.678788006305695	1.01035404205322	1.0714156627655	1.1878833770752	1.58747804164886	1.32402396202087	1.19155049324036	1.25403010845184	0.867332816123962	0.80789452791214	0.26456880569458	0.438162624835968	0.927208185195923	1.22153198719025	1.15373742580414	1.3023567199707	1.90228796005249	1.93506801128387	1.90183353424072	1.87609779834747	2.91181993484497	3.26221799850464	3.24548387527466	3.42534875869751	0.0034676999785006	0.14575420320034	0.726071357727051	0.496846377849579
Uzbekistan	UZB	Asia Central	Asia-Pacific	-0.130358397960663	-0.0906002968549728	0.12514340877533	0.259912401437759	0.0422425009310246	-0.00777909997850657	0.48499345779419	0.685041546821594	-1.07530200481415	-0.503433406352997	-0.441007196903229	-0.183303728699684	-2.07759809494019	-2.04119396209717	-2.0530686378479	-2.013014793396	0.377496689558029	0.341387212276459	0.258441686630249	0.273271650075912	0.242217406630516	0.499300003051758	0.649923622608185	0.688207745552063	-0.236523106694221	-0.163053199648857	-0.20694375038147	-0.120674148201942	0.0193114001303911	-0.24614429473877	0.352859526872635	0.729766964912415	1.66528797149658	1.39611399173737	1.9559485912323	2.02000403404236
Venezuela. RB	VEN	America Latin and the Caribbean	The Americas	-0.554593980312347	-0.445262789726257	-0.892642736434937	-1.05282366275787	0.229431703686714	0.575825393199921	-0.571400284767151	-0.567460000514984	-0.509533286094666	-0.346999913454056	-0.200596690177917	-0.402234822511673	-2.53903388977051	-2.42141795158386	-2.84765338897705	-3.1353325843811	0.630706489086151	0.587963104248047	0.631396234035492	0.555586934089661	0.297566592693329	0.40162119269371	0.330055713653564	0.324304640293121	-1.49788498878479	-1.6168520450592	-1.91299951076508	-1.75302767753601	-0.492772191762924	-0.359673589468002	-1.30554413795471	-2.42583799362183	-0.555231690406799	-0.382568597793579	-1.26439988613129	-1.01858806610107
Vietnam	VNM	Asia Southeast	Asia-Pacific	0.110659398138523	-0.0761867016553879	0.180556163191795	0.28222331404686	1.24479198455811	1.07804501056671	1.75101292133331	1.98993563652039	-0.0692704990506172	0.317731291055679	0.523645162582398	0.88447916507721	-0.337038189172745	-0.433634012937546	-0.451046049594879	-0.368035495281219	-0.116029903292656	-0.355884402990341	0.118541806936264	0.489102840423584	0.139743804931641	0.114265598356724	0.245870262384415	-0.305730104446411	0.203060701489449	0.388375997543335	0.0996057018637657	-0.161954566836357	-0.902611672878265	-0.668520987033844	-0.0355912894010544	0.00814831629395485	0.722629189491272	-1.0498720407486	-0.8075892329216	-0.278159379959106
Yemen. Rep.	YEM	MENA	MENA	-2.80162501335144	-2.76869511604309	-2.7266354560852	-2.60413885116577	-2.27010703086853	-2.1306529045105	-2.30250239372253	-1.95676159858704	-2.27377104759216	-2.01189494132996	-1.76607036590576	-1.67991518974304	-2.43336009979248	-2.58081793785095	-2.89602851867676	-2.81090259552002	-3.80021095275879	-3.96289205551147	-3.47825622558594	-3.23835945129395	-2.15646195411682	-2.28068995475769	-2.14151930809021	-1.71763336658478	-2.33993291854858	-2.65311098098755	-2.21785116195679	-2.76169872283936	-4.70819282531738	-4.35500001907349	-4.82569742202759	-4.00824356079102	-2.43096399307251	-2.17450094223022	-2.18515801429749	-2.65959548950195
Zambia	ZMB	Africa Sub-Saharan	Africa Sub-Saharan	-1.49228096008301	-1.36647999286652	-1.32891738414764	-1.46843862533569	-1.31290698051453	-0.865268290042877	-0.649060010910034	-1.08155202865601	-1.6624139547348	-1.5380300283432	-1.00306808948517	-1.10302817821503	-1.58030295372009	-1.20071697235107	-1.0822993516922	-1.08272647857666	-2.14047193527222	-1.93865895271301	-1.63902926445007	-1.90257894992828	-3.45277500152588	-3.7806921005249	-3.4792754650116	-3.40305376052856	-2.02838492393494	-1.90264904499054	-2.10491013526916	-2.15454864501953	-0.584422886371613	0.232991397380829	-0.408581435680389	-0.466333746910095	0.823429524898529	0.0611872002482414	-0.265115410089493	-0.553687393665314
Zimbabwe	ZWE	Africa Sub-Saharan	Africa Sub-Saharan	-2.84294199943542	-2.07185888290405	-2.03774189949036	-2.01107597351074	-6.77858591079712	-1.47272598743439	-1.19503378868103	-1.16227960586548	-2.26770305633545	-1.99223399162292	-1.8745539188385	-1.78080701828003	-3.64624691009521	-3.34726500511169	-2.91357731819153	-2.74210596084595	-1.65370500087738	-1.62654399871826	-1.53684067726135	-1.96704268455505	-3.05002999305725	-2.65061902999878	-2.61107563972473	-2.42291450500488	-3.65950298309326	-3.12628698348999	-3.16905117034912	-2.672203540802	-1.18546295166016	-1.89241504669189	-1.54734456539154	-1.88362407684326	-0.50230348110199	-0.466784298419952	-1.45445871353149	-1.45763063430786
